timestamp,platform,text,sentiment
2026-04-24 16:52:13.989604,Reddit,No strong feelings about this. 😐,neutral
2026-04-24 17:06:13.997916,Twitter,No strong feelings about this. .,neutral
2026-04-24 17:15:13.991614,YouTube,Fantastic UI update. 👍,positive
2026-04-24 17:23:14.000260,YouTube,Absolutely love this new feature! !!,positive
2026-04-24 17:23:14.005724,AppStore,completely useless feature. !?,negative
2026-04-24 17:30:13.994167,Twitter,"Terrible experience, my app keeps crashing.",negative
2026-04-24 17:33:13.997653,Twitter,"Terrible experience, my app keeps crashing. 👎",negative
2026-04-24 17:39:13.991825,YouTube,absolutely love this new feature! !!,positive
2026-04-24 17:44:13.997341,Reddit,"incredible experience, will buy again.",positive
2026-04-24 17:44:14.005820,AppStore,absolutely love this new feature! !!,positive
2026-04-24 17:48:13.991448,Reddit,the ai is hallucinating and giving wrong info. 👎,negative
2026-04-24 17:55:13.994588,AppStore,I guess it's fine for the price. .,neutral
2026-04-24 17:58:13.992223,Reddit,Let's see how long this lasts. .,neutral
2026-04-24 17:59:13.996305,Reddit,Delivery was delayed by 3 days. 😡,negative
2026-04-24 18:01:13.998259,YouTube,Average experience. .,neutral
2026-04-24 18:04:13.992704,AppStore,Completely useless feature. !?,negative
2026-04-24 18:08:13.993963,Twitter,I guess it's fine for the price. .,neutral
2026-04-24 18:11:13.997041,Twitter,It does what it says.,neutral
2026-04-24 18:12:13.996028,Twitter,I guess it's fine for the price.,neutral
2026-04-24 18:25:14.004878,YouTube,Standard delivery time.,neutral
2026-04-24 18:26:13.998042,Reddit,"It works okay, nothing special.",neutral
2026-04-24 18:31:14.006119,YouTube,So happy with the quality. !!,positive
2026-04-24 18:32:14.000337,YouTube,5 stars! Excellent work.,positive
2026-04-24 18:39:13.995051,Reddit,Just received my package.,neutral
2026-04-24 18:41:14.005228,AppStore,So happy with the quality.,positive
2026-04-24 18:42:13.989580,AppStore,The AI is hallucinating and giving wrong info. 👎,negative
2026-04-24 18:48:13.990958,Twitter,The AI recommendations are spot on. 👍,positive
2026-04-24 18:53:14.001456,Reddit,Just received my package. 😐,neutral
2026-04-24 19:03:13.998549,Twitter,average experience.,neutral
2026-04-24 19:08:13.990528,AppStore,absolutely love this new feature! 👍,positive
2026-04-24 19:14:13.991753,AppStore,"Incredible experience, will buy again.",positive
2026-04-24 19:20:13.989431,Twitter,The AI is hallucinating and giving wrong info. 👎,negative
2026-04-24 19:26:13.999141,Twitter,"The delivery was super fast, highly recommend.",positive
2026-04-24 19:38:14.005236,YouTube,"i hate the new update, it's so confusing.",negative
2026-04-24 19:45:14.003821,YouTube,Overpriced and underdelivered. !?,negative
2026-04-24 19:53:13.996941,AppStore,The AI is hallucinating and giving wrong info. 😡,negative
2026-04-24 20:08:13.996063,Reddit,"it works okay, nothing special.",neutral
2026-04-24 20:12:14.002759,AppStore,I guess it's fine for the price.,neutral
2026-04-24 20:19:13.992887,Twitter,Product arrived damaged. 😡,negative
2026-04-24 20:21:13.992029,AppStore,Standard delivery time. .,neutral
2026-04-24 20:24:13.990790,YouTube,I guess it's fine for the price. .,neutral
2026-04-24 20:24:13.999095,YouTube,The AI is hallucinating and giving wrong info.,negative
2026-04-24 20:37:13.997550,Reddit,The AI recommendations are spot on. !!,positive
2026-04-24 20:37:14.001019,YouTube,The AI recommendations are spot on. 😊,positive
2026-04-24 20:49:13.994296,YouTube,Average experience.,neutral
2026-04-24 20:51:14.000620,Reddit,standard delivery time. 😐,neutral
2026-04-24 20:52:14.004750,YouTube,The app has been updated.,neutral
2026-04-24 21:01:14.000939,Twitter,Standard delivery time. 😐,neutral
2026-04-24 21:03:13.999605,YouTube,No strong feelings about this.,neutral
2026-04-24 21:06:14.001576,AppStore,absolutely love this new feature! 👍,positive
2026-04-24 21:11:14.004914,Twitter,the ai recommendations are spot on. !!,positive
2026-04-24 21:24:14.000919,Twitter,Just received my package. 😐,neutral
2026-04-24 21:32:13.997682,Reddit,Never buying from them again. !?,negative
2026-04-24 21:35:13.999455,Reddit,I guess it's fine for the price. .,neutral
2026-04-24 21:49:14.001196,Twitter,Completely useless feature.,negative
2026-04-24 21:52:13.989931,Reddit,just received my package. 😐,neutral
2026-04-24 21:52:13.994983,Twitter,Fantastic UI update. !!,positive
2026-04-24 21:53:14.006087,AppStore,Best product I have ever bought. !!,positive
2026-04-24 21:57:13.989951,Reddit,"The delivery was super fast, highly recommend. !!",positive
2026-04-24 22:02:13.998471,YouTube,delivery was delayed by 3 days. !?,negative
2026-04-24 22:04:13.993766,AppStore,Worst customer support ever. 👎,negative
2026-04-24 22:06:14.002725,AppStore,Never buying from them again.,negative
2026-04-24 22:09:14.001421,AppStore,Overpriced and underdelivered. 😡,negative
2026-04-24 22:09:14.005548,Twitter,Standard delivery time. .,neutral
2026-04-24 22:15:14.000741,YouTube,No strong feelings about this. 😐,neutral
2026-04-24 22:25:14.001925,YouTube,"Terrible experience, my app keeps crashing. 😡",negative
2026-04-24 22:31:13.995432,YouTube,"I hate the new update, it's so confusing. 👎",negative
2026-04-24 22:33:13.999350,YouTube,"Incredible experience, will buy again.",positive
2026-04-24 22:42:13.993233,Twitter,Best product I have ever bought. 😊,positive
2026-04-24 22:44:13.995546,Reddit,"UI is different, still getting used to it.",neutral
2026-04-24 22:45:14.005662,Reddit,I want a refund right now.,negative
2026-04-24 22:56:14.003690,AppStore,Best product I have ever bought.,positive
2026-04-24 23:01:14.001127,Twitter,delivery was delayed by 3 days. 👎,negative
2026-04-24 23:04:14.002694,Twitter,Great customer service. !!,positive
2026-04-24 23:07:13.999853,YouTube,"The delivery was super fast, highly recommend.",positive
2026-04-24 23:16:13.999190,AppStore,"i hate the new update, it's so confusing. 😡",negative
2026-04-24 23:18:13.992589,YouTube,5 stars! Excellent work. 👍,positive
2026-04-24 23:24:13.993517,AppStore,so happy with the quality. !!,positive
2026-04-24 23:26:13.996371,Reddit,No strong feelings about this. .,neutral
2026-04-24 23:30:13.994860,YouTube,let's see how long this lasts. .,neutral
2026-04-24 23:40:13.992209,YouTube,the ai is hallucinating and giving wrong info. 👎,negative
2026-04-24 23:40:13.992829,AppStore,Let's see how long this lasts.,neutral
2026-04-24 23:42:13.997902,AppStore,"It works okay, nothing special. 😐",neutral
2026-04-24 23:46:13.989879,Reddit,Fantastic UI update.,positive
2026-04-24 23:57:13.999477,Reddit,Overpriced and underdelivered. 👎,negative
2026-04-24 23:58:13.995774,AppStore,No strong feelings about this. .,neutral
2026-04-24 23:58:13.998813,AppStore,overpriced and underdelivered.,negative
2026-04-25 00:01:13.999986,Reddit,Best product I have ever bought. !!,positive
2026-04-25 00:02:13.996179,Reddit,no strong feelings about this. .,neutral
2026-04-25 00:09:14.005971,YouTube,It does what it says.,neutral
2026-04-25 00:16:14.001946,AppStore,"ui is different, still getting used to it.",neutral
2026-04-25 00:23:13.998906,Twitter,"I hate the new update, it's so confusing. 😡",negative
2026-04-25 00:25:13.990395,Twitter,The app has been updated.,neutral
2026-04-25 00:46:14.005434,AppStore,Delivery was delayed by 3 days. 👎,negative
2026-04-25 00:49:13.993709,YouTube,Absolutely love this new feature! 😊,positive
2026-04-25 00:50:13.991410,YouTube,Never buying from them again. !?,negative
2026-04-25 00:52:13.989094,AppStore,worst customer support ever. 😡,negative
2026-04-25 00:52:13.990054,Twitter,Best product I have ever bought. 👍,positive
2026-04-25 00:52:13.990380,Reddit,The app has been updated.,neutral
2026-04-25 00:52:13.998457,AppStore,Great customer service. 😊,positive
2026-04-25 00:52:14.002504,AppStore,Absolutely love this new feature!,positive
2026-04-25 00:58:13.993751,Twitter,5 stars! excellent work.,positive
2026-04-25 01:21:13.995492,Reddit,average experience. 😐,neutral
2026-04-25 01:22:13.995990,Twitter,No strong feelings about this. .,neutral
2026-04-25 01:37:13.998236,AppStore,So happy with the quality.,positive
2026-04-25 01:41:14.000534,Twitter,worst customer support ever. 👎,negative
2026-04-25 01:49:13.997471,Twitter,Fantastic UI update. 👍,positive
2026-04-25 01:52:14.005947,Reddit,i guess it's fine for the price. .,neutral
2026-04-25 01:53:13.997505,Reddit,"It works okay, nothing special.",neutral
2026-04-25 02:00:14.005648,YouTube,5 stars! Excellent work. !!,positive
2026-04-25 02:22:13.990170,AppStore,The AI recommendations are spot on. 👍,positive
2026-04-25 02:27:14.004702,Reddit,i guess it's fine for the price. .,neutral
2026-04-25 02:29:13.999512,YouTube,"It works okay, nothing special. .",neutral
2026-04-25 02:31:13.992596,Reddit,Overpriced and underdelivered. 😡,negative
2026-04-25 02:42:14.005555,AppStore,"UI is different, still getting used to it. .",neutral
2026-04-25 02:46:13.999412,Twitter,The AI is hallucinating and giving wrong info. 👎,negative
2026-04-25 02:46:14.000591,Reddit,Just received my package. .,neutral
2026-04-25 03:04:14.003791,Reddit,the ai recommendations are spot on.,positive
2026-04-25 03:05:14.000845,YouTube,The app has been updated.,neutral
2026-04-25 03:10:14.001633,Reddit,5 stars! Excellent work.,positive
2026-04-25 03:32:14.002163,YouTube,I guess it's fine for the price. 😐,neutral
2026-04-25 03:40:13.990149,Twitter,"It works okay, nothing special. .",neutral
2026-04-25 03:48:13.995408,AppStore,The AI is hallucinating and giving wrong info.,negative
2026-04-25 03:51:13.994652,AppStore,The app has been updated. .,neutral
2026-04-25 03:54:13.996168,Twitter,The app has been updated.,neutral
2026-04-25 03:57:13.999242,AppStore,"incredible experience, will buy again. 👍",positive
2026-04-25 04:07:13.990126,AppStore,let's see how long this lasts. .,neutral
2026-04-25 04:08:13.996802,YouTube,Never buying from them again. 👎,negative
2026-04-25 04:20:13.998050,Twitter,"It works okay, nothing special.",neutral
2026-04-25 04:20:14.001056,Reddit,"incredible experience, will buy again. 👍",positive
2026-04-25 04:24:14.002216,Reddit,"The delivery was super fast, highly recommend. !!",positive
2026-04-25 04:25:13.991999,Reddit,It does what it says. .,neutral
2026-04-25 04:47:13.997333,AppStore,Fantastic UI update.,positive
2026-04-25 04:49:13.991497,Twitter,Completely useless feature. !?,negative
2026-04-25 04:54:13.998913,Twitter,The AI recommendations are spot on. 😊,positive
2026-04-25 04:59:14.002534,AppStore,Worst customer support ever. !?,negative
2026-04-25 05:01:13.999249,Reddit,The app has been updated. .,neutral
2026-04-25 05:11:13.999555,Twitter,The app has been updated. .,neutral
2026-04-25 05:11:14.003738,Twitter,Overpriced and underdelivered. 👎,negative
2026-04-25 05:13:13.990004,YouTube,Delivery was delayed by 3 days. 😡,negative
2026-04-25 05:26:13.997887,AppStore,it does what it says.,neutral
2026-04-25 05:32:13.997498,Twitter,Just received my package. 😐,neutral
2026-04-25 05:36:13.992900,Twitter,I want a refund right now. !?,negative
2026-04-25 05:41:13.991803,AppStore,So happy with the quality.,positive
2026-04-25 05:44:13.994958,Reddit,Standard delivery time. 😐,neutral
2026-04-25 05:47:14.005081,Reddit,the ai is hallucinating and giving wrong info. !?,negative
2026-04-25 05:55:14.001078,YouTube,Product arrived damaged. 👎,negative
2026-04-25 05:56:13.992181,YouTube,"UI is different, still getting used to it. .",neutral
2026-04-25 05:56:14.002879,AppStore,Great customer service. 👍,positive
2026-04-25 06:03:13.998688,YouTube,"The delivery was super fast, highly recommend. !!",positive
2026-04-25 06:05:13.996356,YouTube,Absolutely love this new feature!,positive
2026-04-25 06:09:13.991891,AppStore,Average experience. 😐,neutral
2026-04-25 06:11:13.989456,YouTube,Average experience.,neutral
2026-04-25 06:23:14.003937,YouTube,Great customer service. 👍,positive
2026-04-25 06:24:13.992006,AppStore,never buying from them again.,negative
2026-04-25 06:38:13.990271,Twitter,The AI recommendations are spot on.,positive
2026-04-25 06:44:14.004165,Twitter,"I hate the new update, it's so confusing. !?",negative
2026-04-25 06:44:14.005244,AppStore,Overpriced and underdelivered. 👎,negative
2026-04-25 06:45:13.996430,AppStore,Product arrived damaged.,negative
2026-04-25 06:48:13.997543,AppStore,No strong feelings about this. .,neutral
2026-04-25 06:57:13.999440,AppStore,Product arrived damaged. !?,negative
2026-04-25 07:03:13.999647,Reddit,so happy with the quality. 😊,positive
2026-04-25 07:06:13.992371,Twitter,Best product I have ever bought. 😊,positive
2026-04-25 07:08:14.006080,Twitter,Fantastic UI update. 👍,positive
2026-04-25 07:09:13.997610,Reddit,So happy with the quality.,positive
2026-04-25 07:13:13.997624,AppStore,"The delivery was super fast, highly recommend. 👍",positive
2026-04-25 07:14:13.994708,AppStore,It does what it says.,neutral
2026-04-25 07:15:13.989710,Reddit,The AI recommendations are spot on. 👍,positive
2026-04-25 07:15:13.989813,YouTube,The app has been updated. 😐,neutral
2026-04-25 07:35:13.992022,Twitter,never buying from them again. 👎,negative
2026-04-25 07:39:13.989556,YouTube,"Incredible experience, will buy again. 😊",positive
2026-04-25 07:43:13.992349,YouTube,fantastic ui update. 👍,positive
2026-04-25 07:45:13.993865,YouTube,"incredible experience, will buy again. !!",positive
2026-04-25 07:53:13.994429,Twitter,"UI is different, still getting used to it. .",neutral
2026-04-25 07:56:13.991839,Reddit,Just received my package. .,neutral
2026-04-25 07:57:13.993042,Reddit,"the delivery was super fast, highly recommend. !!",positive
2026-04-25 07:58:13.997326,Twitter,Best product I have ever bought. 👍,positive
2026-04-25 08:00:14.003930,Reddit,I want a refund right now. 😡,negative
2026-04-25 08:03:13.994096,Twitter,"UI is different, still getting used to it.",neutral
2026-04-25 08:05:13.999314,Twitter,I guess it's fine for the price.,neutral
2026-04-25 08:07:13.993816,YouTube,they really outdid themselves this time.,positive
2026-04-25 08:07:14.004862,YouTube,"It works okay, nothing special. 😐",neutral
2026-04-25 08:10:13.989864,Reddit,I guess it's fine for the price.,neutral
2026-04-25 08:13:14.000491,Twitter,No strong feelings about this. .,neutral
2026-04-25 08:18:13.989490,Reddit,It does what it says.,neutral
2026-04-25 08:18:14.002111,Reddit,I guess it's fine for the price.,neutral
2026-04-25 08:25:13.992266,AppStore,Overpriced and underdelivered. !?,negative
2026-04-25 08:27:13.999162,Twitter,Just received my package. .,neutral
2026-04-25 08:28:13.999257,YouTube,I guess it's fine for the price.,neutral
2026-04-25 08:35:13.993035,AppStore,Completely useless feature.,negative
2026-04-25 08:36:13.991832,AppStore,Delivery was delayed by 3 days. 👎,negative
2026-04-25 08:40:13.997013,Reddit,The AI is hallucinating and giving wrong info.,negative
2026-04-25 08:47:13.999840,Twitter,the app has been updated. .,neutral
2026-04-25 08:52:13.993114,Twitter,the app has been updated. .,neutral
2026-04-25 09:09:13.992807,YouTube,Let's see how long this lasts. 😐,neutral
2026-04-25 09:14:14.001863,Reddit,Overpriced and underdelivered. !?,negative
2026-04-25 09:27:13.998433,AppStore,it does what it says. .,neutral
2026-04-25 09:29:13.997581,Twitter,"UI is different, still getting used to it.",neutral
2026-04-25 09:37:13.994161,Twitter,absolutely love this new feature! !!,positive
2026-04-25 09:47:13.990549,YouTube,Fantastic UI update. 😊,positive
2026-04-25 09:48:13.991311,Twitter,They really outdid themselves this time.,positive
2026-04-25 09:50:13.990908,AppStore,Absolutely love this new feature! 😊,positive
2026-04-25 09:59:14.004649,Twitter,The app has been updated. 😐,neutral
2026-04-25 10:00:14.001849,Reddit,"I hate the new update, it's so confusing. 😡",negative
2026-04-25 10:10:13.997660,Reddit,Delivery was delayed by 3 days. 😡,negative
2026-04-25 10:10:14.005121,Twitter,The AI is hallucinating and giving wrong info.,negative
2026-04-25 10:33:13.995860,Twitter,The AI recommendations are spot on. 👍,positive
2026-04-25 10:34:13.990214,Reddit,"The delivery was super fast, highly recommend. 👍",positive
2026-04-25 10:35:14.002271,AppStore,they really outdid themselves this time. !!,positive
2026-04-25 10:38:13.995416,Reddit,Product arrived damaged. 👎,negative
2026-04-25 10:49:13.989498,AppStore,Worst customer support ever. 😡,negative
2026-04-25 10:52:13.993255,YouTube,Completely useless feature.,negative
2026-04-25 10:53:14.002156,AppStore,Absolutely love this new feature! 😊,positive
2026-04-25 11:00:14.000498,YouTube,Average experience.,neutral
2026-04-25 11:01:13.993240,Twitter,Completely useless feature. 😡,negative
2026-04-25 11:06:13.996089,Reddit,Just received my package. 😐,neutral
2026-04-25 11:06:14.005851,YouTube,the ai recommendations are spot on.,positive
2026-04-25 11:10:13.990177,AppStore,Standard delivery time.,neutral
2026-04-25 11:13:13.989687,Twitter,"UI is different, still getting used to it.",neutral
2026-04-25 11:15:14.002045,Twitter,Just received my package.,neutral
2026-04-25 11:23:13.992732,Reddit,The AI recommendations are spot on.,positive
2026-04-25 11:23:13.998927,Reddit,"Terrible experience, my app keeps crashing. 😡",negative
2026-04-25 11:23:14.004486,YouTube,no strong feelings about this.,neutral
2026-04-25 11:26:13.992136,Reddit,"Terrible experience, my app keeps crashing.",negative
2026-04-25 11:37:13.998214,YouTube,Worst customer support ever. 😡,negative
2026-04-25 11:41:14.004446,YouTube,Standard delivery time. .,neutral
2026-04-25 11:43:14.000512,YouTube,Product arrived damaged.,negative
2026-04-25 11:43:14.000762,AppStore,I guess it's fine for the price. 😐,neutral
2026-04-25 11:48:14.001435,YouTube,"I hate the new update, it's so confusing. 👎",negative
2026-04-25 11:52:13.999292,Twitter,So happy with the quality.,positive
2026-04-25 12:08:13.995041,AppStore,So happy with the quality. 😊,positive
2026-04-25 12:09:13.989916,AppStore,I want a refund right now. 👎,negative
2026-04-25 12:10:13.997056,Twitter,Completely useless feature.,negative
2026-04-25 12:12:14.002550,Twitter,5 stars! excellent work. 😊,positive
2026-04-25 12:27:13.999119,Reddit,"The delivery was super fast, highly recommend. 😊",positive
2026-04-25 12:30:13.993653,YouTube,Average experience.,neutral
2026-04-25 12:38:13.999577,Reddit,"UI is different, still getting used to it.",neutral
2026-04-25 12:38:14.003899,AppStore,Let's see how long this lasts.,neutral
2026-04-25 12:41:14.000641,Reddit,They really outdid themselves this time. 👍,positive
2026-04-25 12:48:13.989734,Reddit,overpriced and underdelivered. 👎,negative
2026-04-25 13:01:13.998513,AppStore,Overpriced and underdelivered. !?,negative
2026-04-25 13:01:14.005168,AppStore,Standard delivery time. 😐,neutral
2026-04-25 13:02:14.000165,YouTube,overpriced and underdelivered. 😡,negative
2026-04-25 13:07:13.999541,Reddit,Fantastic UI update. !!,positive
2026-04-25 13:08:13.997178,YouTube,It does what it says. 😐,neutral
2026-04-25 13:17:13.999668,Reddit,"I hate the new update, it's so confusing.",negative
2026-04-25 13:19:13.995483,YouTube,Standard delivery time. .,neutral
2026-04-25 13:40:14.004030,YouTube,Just received my package.,neutral
2026-04-25 14:01:14.001314,AppStore,The app has been updated. 😐,neutral
2026-04-25 14:16:14.001358,Twitter,Average experience. 😐,neutral
2026-04-25 14:18:13.990995,Twitter,worst customer support ever.,negative
2026-04-25 14:24:14.000613,Reddit,"It works okay, nothing special.",neutral
2026-04-25 14:37:13.991122,Twitter,worst customer support ever. !?,negative
2026-04-25 14:48:13.992928,Reddit,No strong feelings about this.,neutral
2026-04-25 14:48:14.000041,AppStore,It does what it says.,neutral
2026-04-25 14:54:14.002066,Twitter,great customer service. 😊,positive
2026-04-25 15:02:13.998652,Reddit,Worst customer support ever.,negative
2026-04-25 15:23:14.004538,YouTube,so happy with the quality. !!,positive
2026-04-25 15:29:13.994759,Twitter,Never buying from them again. 😡,negative
2026-04-25 15:38:13.990915,AppStore,"It works okay, nothing special. 😐",neutral
2026-04-25 15:40:13.990579,AppStore,Worst customer support ever. 😡,negative
2026-04-25 15:41:13.989548,Reddit,Just received my package. 😐,neutral
2026-04-25 15:52:13.999066,Twitter,I want a refund right now.,negative
2026-04-25 16:09:13.993489,Twitter,Just received my package. .,neutral
2026-04-25 16:10:14.001699,YouTube,The app has been updated.,neutral
2026-04-25 16:12:14.004052,Reddit,The AI is hallucinating and giving wrong info. !?,negative
2026-04-25 16:23:13.995246,Reddit,5 stars! Excellent work.,positive
2026-04-25 16:28:13.991971,AppStore,The AI is hallucinating and giving wrong info. 😡,negative
2026-04-25 16:50:13.993078,Reddit,Standard delivery time. 😐,neutral
2026-04-25 16:56:14.004821,AppStore,Delivery was delayed by 3 days. 😡,negative
2026-04-25 16:59:13.990710,Reddit,I guess it's fine for the price.,neutral
2026-04-25 16:59:13.991425,Twitter,"I hate the new update, it's so confusing. !?",negative
2026-04-25 17:02:13.991255,YouTube,absolutely love this new feature! !!,positive
2026-04-25 17:07:13.990760,AppStore,no strong feelings about this. 😐,neutral
2026-04-25 17:10:14.002710,AppStore,"Incredible experience, will buy again.",positive
2026-04-25 17:11:13.992518,Twitter,Overpriced and underdelivered.,negative
2026-04-25 17:13:13.994767,Twitter,Best product I have ever bought. 😊,positive
2026-04-25 17:20:14.002383,YouTube,Average experience. 😐,neutral
2026-04-25 17:29:14.001248,Reddit,"UI is different, still getting used to it.",neutral
2026-04-25 17:30:13.993056,Twitter,"The delivery was super fast, highly recommend.",positive
2026-04-25 17:36:13.991906,AppStore,Great customer service. 👍,positive
2026-04-25 17:42:14.004554,YouTube,Best product I have ever bought. 😊,positive
2026-04-25 17:43:14.005193,Reddit,Delivery was delayed by 3 days.,negative
2026-04-25 17:45:13.992935,Reddit,Fantastic UI update. !!,positive
2026-04-25 17:48:13.997128,Reddit,The AI recommendations are spot on.,positive
2026-04-25 17:52:14.003915,YouTube,Average experience.,neutral
2026-04-25 18:03:13.997759,Reddit,So happy with the quality.,positive
2026-04-25 18:04:13.991704,Twitter,Overpriced and underdelivered. 👎,negative
2026-04-25 18:05:14.001290,YouTube,Worst customer support ever. 👎,negative
2026-04-25 18:11:14.005479,YouTube,The app has been updated. 😐,neutral
2026-04-25 18:14:14.006096,Reddit,"UI is different, still getting used to it. 😐",neutral
2026-04-25 18:17:13.990864,AppStore,Standard delivery time. 😐,neutral
2026-04-25 18:29:13.992942,AppStore,The AI recommendations are spot on. 😊,positive
2026-04-25 18:33:14.000187,YouTube,5 stars! excellent work. 👍,positive
2026-04-25 18:41:13.998151,Twitter,No strong feelings about this.,neutral
2026-04-25 18:41:14.001785,Reddit,5 stars! Excellent work. 😊,positive
2026-04-25 18:50:13.989834,Twitter,Let's see how long this lasts. .,neutral
2026-04-25 18:53:13.996912,AppStore,Product arrived damaged. 😡,negative
2026-04-25 18:57:13.995798,Reddit,Great customer service. 😊,positive
2026-04-25 19:00:13.995761,Twitter,No strong feelings about this. .,neutral
2026-04-25 19:01:14.002775,Reddit,It does what it says. .,neutral
2026-04-25 19:02:13.994724,YouTube,"Terrible experience, my app keeps crashing. 😡",negative
2026-04-25 19:11:13.990279,AppStore,so happy with the quality. !!,positive
2026-04-25 19:14:13.989369,Reddit,"The delivery was super fast, highly recommend. !!",positive
2026-04-25 19:14:13.993667,Twitter,average experience.,neutral
2026-04-25 19:21:13.991455,AppStore,Great customer service. 😊,positive
2026-04-25 19:24:14.004000,YouTube,It does what it says. 😐,neutral
2026-04-25 19:25:14.000448,Reddit,Standard delivery time. 😐,neutral
2026-04-25 19:26:13.992654,Reddit,Completely useless feature. !?,negative
2026-04-25 19:26:13.997923,Reddit,Fantastic UI update. 😊,positive
2026-04-25 19:28:13.989725,AppStore,They really outdid themselves this time. 😊,positive
2026-04-25 19:36:13.989776,Reddit,Fantastic UI update. !!,positive
2026-04-25 19:36:13.990893,Reddit,"Terrible experience, my app keeps crashing. !?",negative
2026-04-25 19:40:14.003323,AppStore,Best product I have ever bought. !!,positive
2026-04-25 19:50:13.991869,AppStore,no strong feelings about this. 😐,neutral
2026-04-25 19:52:13.992682,YouTube,Fantastic UI update. !!,positive
2026-04-25 19:58:13.994644,AppStore,Fantastic UI update. 😊,positive
2026-04-25 20:00:13.990768,Reddit,Standard delivery time. 😐,neutral
2026-04-25 20:03:13.996464,Twitter,"the delivery was super fast, highly recommend. 👍",positive
2026-04-25 20:11:13.993851,AppStore,"It works okay, nothing special.",neutral
2026-04-25 20:13:13.999775,YouTube,It does what it says. .,neutral
2026-04-25 20:14:13.992647,Twitter,"Terrible experience, my app keeps crashing. 😡",negative
2026-04-25 20:17:13.993187,Reddit,"It works okay, nothing special. 😐",neutral
2026-04-25 20:20:13.993356,Twitter,No strong feelings about this. .,neutral
2026-04-25 20:20:14.006110,Twitter,Never buying from them again. 👎,negative
2026-04-25 20:39:14.000084,Reddit,Best product I have ever bought. !!,positive
2026-04-25 20:44:13.991732,AppStore,5 stars! Excellent work. 😊,positive
2026-04-25 20:44:13.993248,Twitter,they really outdid themselves this time. 👍,positive
2026-04-25 20:50:13.989325,Reddit,They really outdid themselves this time. 👍,positive
2026-04-25 20:56:13.996002,YouTube,I guess it's fine for the price. .,neutral
2026-04-25 21:00:14.000570,YouTube,They really outdid themselves this time.,positive
2026-04-25 21:05:13.995424,Reddit,5 stars! excellent work. !!,positive
2026-04-25 21:07:13.997084,Twitter,They really outdid themselves this time. 😊,positive
2026-04-25 21:11:13.996440,Twitter,Worst customer support ever.,negative
2026-04-25 21:11:13.997795,Twitter,Average experience.,neutral
2026-04-25 21:14:13.999812,Twitter,Just received my package.,neutral
2026-04-25 21:15:13.989806,Twitter,Just received my package.,neutral
2026-04-25 21:24:13.995590,YouTube,The AI recommendations are spot on. 👍,positive
2026-04-25 21:31:13.996788,AppStore,Never buying from them again. 😡,negative
2026-04-25 21:36:13.990105,Twitter,Great customer service. !!,positive
2026-04-25 21:44:13.990463,AppStore,"UI is different, still getting used to it. 😐",neutral
2026-04-25 21:44:13.995934,Twitter,It does what it says.,neutral
2026-04-25 21:47:13.998659,YouTube,"Incredible experience, will buy again. !!",positive
2026-04-25 21:54:13.996330,AppStore,Never buying from them again. 👎,negative
2026-04-25 21:54:14.001648,AppStore,Best product I have ever bought. !!,positive
2026-04-25 21:56:14.001897,Reddit,Delivery was delayed by 3 days. 👎,negative
2026-04-25 22:10:14.000048,YouTube,The app has been updated. .,neutral
2026-04-25 22:11:14.004134,Reddit,Completely useless feature. 😡,negative
2026-04-25 22:15:13.997617,YouTube,No strong feelings about this. .,neutral
2026-04-25 22:15:14.005805,Reddit,Fantastic UI update. 👍,positive
2026-04-25 22:16:13.990470,AppStore,Delivery was delayed by 3 days. 😡,negative
2026-04-25 22:18:14.005745,Reddit,No strong feelings about this. .,neutral
2026-04-25 22:23:14.003707,Twitter,No strong feelings about this. .,neutral
2026-04-25 22:24:13.990878,Reddit,Absolutely love this new feature! !!,positive
2026-04-25 22:28:14.004245,Twitter,Overpriced and underdelivered. 😡,negative
2026-04-25 22:41:13.993977,Twitter,Let's see how long this lasts.,neutral
2026-04-25 22:45:13.997638,AppStore,Absolutely love this new feature! !!,positive
2026-04-25 22:46:14.001150,AppStore,worst customer support ever.,negative
2026-04-25 22:47:13.998723,AppStore,Great customer service. 😊,positive
2026-04-25 23:04:14.000412,Reddit,5 stars! Excellent work. 👍,positive
2026-04-25 23:06:14.000969,AppStore,It does what it says. 😐,neutral
2026-04-25 23:13:14.003783,Reddit,Just received my package. .,neutral
2026-04-25 23:23:13.995400,AppStore,product arrived damaged.,negative
2026-04-25 23:25:14.000027,YouTube,Average experience. .,neutral
2026-04-25 23:29:13.997872,Reddit,No strong feelings about this. 😐,neutral
2026-04-25 23:31:13.999343,Twitter,Let's see how long this lasts. 😐,neutral
2026-04-25 23:33:13.997398,YouTube,never buying from them again.,negative
2026-04-25 23:33:14.005503,Twitter,Average experience. 😐,neutral
2026-04-25 23:37:14.000367,AppStore,delivery was delayed by 3 days. 👎,negative
2026-04-25 23:40:13.998556,YouTube,5 stars! Excellent work.,positive
2026-04-25 23:41:13.995922,Twitter,"It works okay, nothing special.",neutral
2026-04-25 23:42:13.996610,YouTube,The AI is hallucinating and giving wrong info. !?,negative
2026-04-25 23:44:14.002473,AppStore,They really outdid themselves this time. 👍,positive
2026-04-25 23:46:13.991877,Reddit,"The delivery was super fast, highly recommend. 👍",positive
2026-04-25 23:54:13.996294,YouTube,They really outdid themselves this time.,positive
2026-04-25 23:56:14.005911,AppStore,"Incredible experience, will buy again. 👍",positive
2026-04-25 23:59:13.992610,AppStore,"It works okay, nothing special.",neutral
2026-04-26 00:06:13.997006,Reddit,Delivery was delayed by 3 days. 👎,negative
2026-04-26 00:10:13.993007,YouTube,"ui is different, still getting used to it.",neutral
2026-04-26 00:12:14.004221,Twitter,the ai is hallucinating and giving wrong info. !?,negative
2026-04-26 00:22:13.999399,YouTube,So happy with the quality. 👍,positive
2026-04-26 00:23:14.002321,AppStore,Standard delivery time. 😐,neutral
2026-04-26 00:28:13.989679,Reddit,It does what it says.,neutral
2026-04-26 00:31:14.000976,YouTube,I want a refund right now. 👎,negative
2026-04-26 00:32:13.990447,Reddit,Delivery was delayed by 3 days.,negative
2026-04-26 00:33:14.000077,Reddit,"Incredible experience, will buy again. 😊",positive
2026-04-26 00:33:14.005707,Reddit,They really outdid themselves this time.,positive
2026-04-26 00:53:13.990973,Twitter,Let's see how long this lasts. 😐,neutral
2026-04-26 00:56:13.992188,Twitter,I want a refund right now. 😡,negative
2026-04-26 00:56:13.999321,Reddit,"I hate the new update, it's so confusing. 😡",negative
2026-04-26 00:57:14.005586,YouTube,Overpriced and underdelivered. !?,negative
2026-04-26 01:02:13.998920,YouTube,Never buying from them again.,negative
2026-04-26 01:12:14.004759,Twitter,"The delivery was super fast, highly recommend. !!",positive
2026-04-26 01:14:14.002075,AppStore,"it works okay, nothing special. .",neutral
2026-04-26 01:16:13.990886,Reddit,standard delivery time. .,neutral
2026-04-26 01:16:13.991884,AppStore,"I hate the new update, it's so confusing. !?",negative
2026-04-26 01:18:13.991225,Twitter,Overpriced and underdelivered. !?,negative
2026-04-26 01:30:13.997788,Twitter,completely useless feature.,negative
2026-04-26 01:31:13.998274,AppStore,Completely useless feature. 😡,negative
2026-04-26 01:32:14.001548,Reddit,5 stars! Excellent work. 😊,positive
2026-04-26 01:38:13.993328,Twitter,Just received my package. .,neutral
2026-04-26 01:39:14.001226,Reddit,Fantastic UI update.,positive
2026-04-26 01:44:14.004671,Reddit,"The delivery was super fast, highly recommend. 😊",positive
2026-04-26 01:45:14.000000,AppStore,Best product I have ever bought.,positive
2026-04-26 01:56:13.998709,AppStore,Fantastic UI update. 👍,positive
2026-04-26 02:01:14.001692,Reddit,"The delivery was super fast, highly recommend.",positive
2026-04-26 02:06:13.997035,AppStore,Let's see how long this lasts. .,neutral
2026-04-26 02:07:13.996563,Reddit,i guess it's fine for the price.,neutral
2026-04-26 02:08:13.993172,AppStore,Worst customer support ever. 😡,negative
2026-04-26 02:14:13.999024,Twitter,The app has been updated. .,neutral
2026-04-26 02:22:13.989406,Reddit,The app has been updated.,neutral
2026-04-26 02:31:13.992822,Reddit,I want a refund right now. 😡,negative
2026-04-26 02:33:13.994207,AppStore,Delivery was delayed by 3 days. 😡,negative
2026-04-26 02:34:14.005065,AppStore,Great customer service. !!,positive
2026-04-26 02:36:13.990775,AppStore,no strong feelings about this.,neutral
2026-04-26 02:39:13.991233,YouTube,5 stars! Excellent work. 😊,positive
2026-04-26 02:40:13.993343,YouTube,5 stars! Excellent work.,positive
2026-04-26 02:42:13.995741,AppStore,Absolutely love this new feature! 😊,positive
2026-04-26 02:54:13.992779,Reddit,"I hate the new update, it's so confusing. 😡",negative
2026-04-26 03:04:13.999264,YouTube,5 stars! excellent work. !!,positive
2026-04-26 03:10:13.999692,AppStore,so happy with the quality. 👍,positive
2026-04-26 03:18:13.991066,Twitter,Worst customer support ever. 👎,negative
2026-04-26 03:20:13.999706,YouTube,Product arrived damaged. 😡,negative
2026-04-26 03:23:13.991986,YouTube,"UI is different, still getting used to it. 😐",neutral
2026-04-26 03:26:13.989654,Reddit,"Incredible experience, will buy again. 😊",positive
2026-04-26 03:27:14.000548,AppStore,5 stars! Excellent work.,positive
2026-04-26 03:30:14.005783,YouTube,5 stars! Excellent work. 😊,positive
2026-04-26 03:36:14.005593,YouTube,Best product I have ever bought.,positive
2026-04-26 03:37:14.000912,YouTube,Completely useless feature.,negative
2026-04-26 03:38:14.003623,YouTube,It does what it says.,neutral
2026-04-26 03:53:14.004084,Twitter,They really outdid themselves this time.,positive
2026-04-26 03:54:13.997027,AppStore,Best product I have ever bought.,positive
2026-04-26 04:10:13.996135,Reddit,No strong feelings about this.,neutral
2026-04-26 04:12:14.002443,YouTube,The AI is hallucinating and giving wrong info.,negative
2026-04-26 04:19:14.003852,YouTube,"I hate the new update, it's so confusing. 👎",negative
2026-04-26 04:22:14.004348,AppStore,"UI is different, still getting used to it. 😐",neutral
2026-04-26 04:36:13.992674,AppStore,Product arrived damaged.,negative
2026-04-26 04:39:13.995288,Twitter,The AI is hallucinating and giving wrong info. 😡,negative
2026-04-26 04:47:14.001172,Twitter,Just received my package. 😐,neutral
2026-04-26 04:55:14.005351,YouTube,Fantastic UI update. 👍,positive
2026-04-26 05:00:13.991477,YouTube,I guess it's fine for the price.,neutral
2026-04-26 05:00:14.000562,AppStore,"I hate the new update, it's so confusing. 👎",negative
2026-04-26 05:04:13.997945,Reddit,"It works okay, nothing special. 😐",neutral
2026-04-26 05:28:13.994074,YouTube,Never buying from them again. 😡,negative
2026-04-26 05:29:14.001428,AppStore,It does what it says. 😐,neutral
2026-04-26 05:34:14.005470,Reddit,average experience. 😐,neutral
2026-04-26 05:35:13.989639,AppStore,Absolutely love this new feature!,positive
2026-04-26 05:36:13.998340,Twitter,I guess it's fine for the price. 😐,neutral
2026-04-26 05:40:14.001671,Twitter,Standard delivery time. .,neutral
2026-04-26 05:48:13.998987,Twitter,So happy with the quality. !!,positive
2026-04-26 05:59:13.993322,YouTube,I guess it's fine for the price. 😐,neutral
2026-04-26 06:00:13.994716,AppStore,Average experience.,neutral
2026-04-26 06:00:14.001792,Twitter,Overpriced and underdelivered. 👎,negative
2026-04-26 06:02:14.000985,AppStore,Absolutely love this new feature! 😊,positive
2026-04-26 06:03:13.991718,AppStore,Delivery was delayed by 3 days. 👎,negative
2026-04-26 06:12:14.000828,YouTube,I guess it's fine for the price. .,neutral
2026-04-26 06:18:13.990535,AppStore,overpriced and underdelivered. 👎,negative
2026-04-26 06:31:13.995126,Twitter,Absolutely love this new feature! 👍,positive
2026-04-26 06:34:13.991600,YouTube,"UI is different, still getting used to it.",neutral
2026-04-26 06:37:13.992108,Twitter,Standard delivery time. .,neutral
2026-04-26 06:40:13.991334,AppStore,absolutely love this new feature!,positive
2026-04-26 06:42:13.989465,YouTube,Fantastic UI update. 👍,positive
2026-04-26 06:47:13.994700,AppStore,"It works okay, nothing special. .",neutral
2026-04-26 06:57:13.989923,AppStore,"It works okay, nothing special.",neutral
2026-04-26 07:02:13.996809,YouTube,Great customer service. 😊,positive
2026-04-26 07:03:13.997316,AppStore,Fantastic UI update. !!,positive
2026-04-26 07:09:13.998144,AppStore,The AI is hallucinating and giving wrong info. 😡,negative
2026-04-26 07:13:14.003640,YouTube,The AI is hallucinating and giving wrong info. 😡,negative
2026-04-26 07:15:13.999846,Twitter,Never buying from them again.,negative
2026-04-26 07:18:13.999933,YouTube,Never buying from them again. 👎,negative
2026-04-26 07:18:14.002170,Twitter,the app has been updated.,neutral
2026-04-26 07:22:13.990082,Twitter,"Terrible experience, my app keeps crashing.",negative
2026-04-26 07:26:13.999905,AppStore,no strong feelings about this. .,neutral
2026-04-26 07:29:13.992740,AppStore,It does what it says. 😐,neutral
2026-04-26 07:31:14.000875,Twitter,"UI is different, still getting used to it.",neutral
2026-04-26 07:32:13.998645,Twitter,Best product I have ever bought. !!,positive
2026-04-26 07:36:14.001678,YouTube,They really outdid themselves this time. 👍,positive
2026-04-26 07:37:13.992044,YouTube,Product arrived damaged.,negative
2026-04-26 08:01:13.998167,Twitter,let's see how long this lasts.,neutral
2026-04-26 08:03:13.999470,AppStore,Product arrived damaged. !?,negative
2026-04-26 08:11:14.005030,Reddit,"The delivery was super fast, highly recommend. 😊",positive
2026-04-26 08:16:14.002025,AppStore,Best product I have ever bought. !!,positive
2026-04-26 08:18:13.993888,YouTube,great customer service. !!,positive
2026-04-26 08:23:13.998942,YouTube,Never buying from them again. !?,negative
2026-04-26 08:25:13.998282,Reddit,overpriced and underdelivered. !?,negative
2026-04-26 08:32:13.990753,Twitter,no strong feelings about this. .,neutral
2026-04-26 08:36:14.005510,AppStore,Great customer service. 😊,positive
2026-04-26 08:39:14.000925,AppStore,Let's see how long this lasts.,neutral
2026-04-26 08:40:14.001778,AppStore,Best product I have ever bought. !!,positive
2026-04-26 08:42:14.002248,Reddit,"It works okay, nothing special. 😐",neutral
2026-04-26 08:44:13.999826,AppStore,delivery was delayed by 3 days.,negative
2026-04-26 08:44:14.004585,Twitter,"It works okay, nothing special. .",neutral
2026-04-26 08:49:14.004380,YouTube,5 stars! excellent work. 😊,positive
2026-04-26 08:50:14.005251,Twitter,"Terrible experience, my app keeps crashing.",negative
2026-04-26 09:00:13.993014,YouTube,Standard delivery time.,neutral
2026-04-26 09:02:13.996869,Twitter,Never buying from them again. 👎,negative
2026-04-26 09:07:13.999112,Twitter,Just received my package. .,neutral
2026-04-26 09:08:13.990725,Twitter,"The delivery was super fast, highly recommend. 👍",positive
2026-04-26 09:14:13.992800,Reddit,they really outdid themselves this time.,positive
2026-04-26 09:21:14.000784,Twitter,The AI is hallucinating and giving wrong info. 😡,negative
2026-04-26 09:22:13.990026,Reddit,Absolutely love this new feature!,positive
2026-04-26 09:29:14.000577,Reddit,the ai is hallucinating and giving wrong info.,negative
2026-04-26 09:36:14.005889,Reddit,Never buying from them again.,negative
2026-04-26 09:43:14.001706,AppStore,It does what it says. .,neutral
2026-04-26 09:49:14.002391,Twitter,The AI is hallucinating and giving wrong info. 😡,negative
2026-04-26 09:52:13.996418,YouTube,Delivery was delayed by 3 days. 👎,negative
2026-04-26 09:54:13.996978,Reddit,So happy with the quality. 😊,positive
2026-04-26 10:09:13.990425,Reddit,Let's see how long this lasts. 😐,neutral
2026-04-26 10:12:14.001583,Twitter,Best product I have ever bought. !!,positive
2026-04-26 10:17:13.999003,AppStore,"I hate the new update, it's so confusing. 👎",negative
2026-04-26 10:24:13.997809,Twitter,Just received my package. .,neutral
2026-04-26 10:31:13.993384,AppStore,"I hate the new update, it's so confusing. 👎",negative
2026-04-26 10:37:13.998834,Twitter,"UI is different, still getting used to it.",neutral
2026-04-26 10:51:13.998730,Twitter,The app has been updated.,neutral
2026-04-26 10:57:13.993809,Reddit,it does what it says. 😐,neutral
2026-04-26 11:03:14.003020,YouTube,I guess it's fine for the price. 😐,neutral
2026-04-26 11:27:13.994803,Reddit,No strong feelings about this.,neutral
2026-04-26 11:39:13.998189,YouTube,Fantastic UI update. !!,positive
2026-04-26 11:51:14.002465,AppStore,Overpriced and underdelivered.,negative
2026-04-26 11:54:14.001827,Twitter,no strong feelings about this. .,neutral
2026-04-26 12:23:13.995107,Twitter,Delivery was delayed by 3 days. !?,negative
2026-04-26 12:30:13.999484,Twitter,Product arrived damaged. 😡,negative
2026-04-26 12:43:13.990782,AppStore,Product arrived damaged. 👎,negative
2026-04-26 12:45:13.991818,Twitter,"The delivery was super fast, highly recommend. 😊",positive
2026-04-26 12:46:13.990621,YouTube,Great customer service. 👍,positive
2026-04-26 12:49:14.002647,YouTube,5 stars! Excellent work. 👍,positive
2026-04-26 12:52:13.992014,YouTube,"UI is different, still getting used to it. 😐",neutral
2026-04-26 12:58:14.000955,AppStore,"UI is different, still getting used to it. 😐",neutral
2026-04-26 13:12:13.989821,YouTube,Worst customer support ever. 😡,negative
2026-04-26 13:15:13.991608,Twitter,"Incredible experience, will buy again.",positive
2026-04-26 13:16:14.001013,Twitter,Delivery was delayed by 3 days. !?,negative
2026-04-26 13:29:13.997536,AppStore,best product i have ever bought.,positive
2026-04-26 13:34:13.996205,Reddit,the ai is hallucinating and giving wrong info. !?,negative
2026-04-26 14:01:13.994147,YouTube,It does what it says. 😐,neutral
2026-04-26 14:02:13.995278,Reddit,"it works okay, nothing special. .",neutral
2026-04-26 14:03:13.990835,YouTube,Never buying from them again. 👎,negative
2026-04-26 14:20:13.990980,Twitter,Overpriced and underdelivered. 👎,negative
2026-04-26 14:27:14.001820,Reddit,delivery was delayed by 3 days. 😡,negative
2026-04-26 14:31:13.989717,Reddit,"Terrible experience, my app keeps crashing. !?",negative
2026-04-26 14:41:13.990703,Twitter,so happy with the quality. 😊,positive
2026-04-26 14:41:13.992287,AppStore,Absolutely love this new feature! 😊,positive
2026-04-26 14:45:14.003263,Reddit,"UI is different, still getting used to it. .",neutral
2026-04-26 14:51:13.993617,Twitter,Absolutely love this new feature! 😊,positive
2026-04-26 14:51:14.001321,YouTube,great customer service. 😊,positive
2026-04-26 15:00:13.990492,Twitter,The AI is hallucinating and giving wrong info. 👎,negative
2026-04-26 15:01:14.005670,AppStore,I guess it's fine for the price. .,neutral
2026-04-26 15:14:13.998542,Reddit,Let's see how long this lasts. .,neutral
2026-04-26 15:24:14.004107,Reddit,Fantastic UI update. !!,positive
2026-04-26 15:35:14.004888,Twitter,so happy with the quality. 😊,positive
2026-04-26 15:38:13.990951,Reddit,The AI recommendations are spot on. !!,positive
2026-04-26 15:41:14.001343,Twitter,Overpriced and underdelivered. !?,negative
2026-04-26 15:52:13.998478,Twitter,Overpriced and underdelivered.,negative
2026-04-26 16:00:13.994836,Reddit,"It works okay, nothing special. .",neutral
2026-04-26 16:01:14.003907,YouTube,the ai is hallucinating and giving wrong info.,negative
2026-04-26 16:02:13.994784,Twitter,It does what it says.,neutral
2026-04-26 16:05:13.994304,Reddit,Average experience.,neutral
2026-04-26 16:07:13.997348,Reddit,Great customer service. 😊,positive
2026-04-26 16:16:13.995872,Reddit,"The delivery was super fast, highly recommend. 👍",positive
2026-04-26 16:24:14.003859,AppStore,completely useless feature.,negative
2026-04-26 16:32:13.997962,YouTube,"I hate the new update, it's so confusing. 😡",negative
2026-04-26 16:33:13.998206,Twitter,Product arrived damaged. !?,negative
2026-04-26 16:34:13.995656,Twitter,i guess it's fine for the price. .,neutral
2026-04-26 16:38:13.989799,YouTube,Completely useless feature. 👎,negative
2026-04-26 16:39:13.990018,AppStore,I guess it's fine for the price. 😐,neutral
2026-04-26 16:39:13.992894,Reddit,"It works okay, nothing special.",neutral
2026-04-26 16:40:13.993093,YouTube,"incredible experience, will buy again. 👍",positive
2026-04-26 16:50:14.000398,Twitter,5 stars! Excellent work.,positive
2026-04-26 16:55:13.989647,AppStore,Absolutely love this new feature! 😊,positive
2026-04-26 16:57:13.991964,Twitter,Delivery was delayed by 3 days. 👎,negative
2026-04-26 16:58:13.991811,YouTube,The AI recommendations are spot on. 😊,positive
2026-04-26 17:03:13.999519,AppStore,Product arrived damaged. !?,negative
2026-04-26 17:03:14.005360,Twitter,"It works okay, nothing special. .",neutral
2026-04-26 17:04:13.999405,AppStore,Never buying from them again. !?,negative
2026-04-26 17:05:13.998586,AppStore,I guess it's fine for the price.,neutral
2026-04-26 17:06:14.002669,Reddit,"UI is different, still getting used to it. .",neutral
2026-04-26 17:09:13.993660,Twitter,Completely useless feature. !?,negative
2026-04-26 17:29:13.996541,Reddit,So happy with the quality. 😊,positive
2026-04-26 17:31:13.995033,Twitter,They really outdid themselves this time. !!,positive
2026-04-26 17:53:13.993559,Reddit,"incredible experience, will buy again. !!",positive
2026-04-26 17:54:14.003922,YouTube,Delivery was delayed by 3 days.,negative
2026-04-26 17:56:14.001713,Twitter,Average experience. 😐,neutral
2026-04-26 18:07:13.995945,YouTube,No strong feelings about this. .,neutral
2026-04-26 18:13:14.003292,Twitter,Product arrived damaged.,negative
2026-04-26 18:16:13.992363,YouTube,Best product I have ever bought.,positive
2026-04-26 18:21:13.997279,AppStore,Great customer service. !!,positive
2026-04-26 18:28:13.989283,Twitter,Best product I have ever bought.,positive
2026-04-26 18:30:13.992294,Reddit,Completely useless feature. 👎,negative
2026-04-26 18:32:13.991192,Twitter,So happy with the quality. 👍,positive
2026-04-26 18:45:14.004607,Twitter,the app has been updated. .,neutral
2026-04-26 18:48:13.999940,AppStore,never buying from them again. !?,negative
2026-04-26 18:49:14.006010,Reddit,Just received my package. .,neutral
2026-04-26 18:53:13.991358,AppStore,Absolutely love this new feature! 😊,positive
2026-04-26 18:57:13.999798,Twitter,"I hate the new update, it's so confusing. !?",negative
2026-04-26 18:59:14.006128,AppStore,The AI is hallucinating and giving wrong info. 👎,negative
2026-04-26 19:01:13.995068,AppStore,It does what it says. .,neutral
2026-04-26 19:04:13.998636,Twitter,Let's see how long this lasts. .,neutral
2026-04-26 19:23:13.994119,AppStore,i guess it's fine for the price. .,neutral
2026-04-26 19:24:13.993204,Twitter,Product arrived damaged. 😡,negative
2026-04-26 19:24:13.997100,Reddit,Standard delivery time. 😐,neutral
2026-04-26 19:26:14.005090,YouTube,5 stars! Excellent work. 👍,positive
2026-04-26 19:41:13.992467,Reddit,Great customer service. !!,positive
2026-04-26 19:41:14.000062,AppStore,5 stars! Excellent work.,positive
2026-04-26 19:42:13.996078,YouTube,Average experience. .,neutral
2026-04-26 19:44:13.993802,YouTube,"The delivery was super fast, highly recommend. 😊",positive
2026-04-26 19:44:13.998228,YouTube,Let's see how long this lasts.,neutral
2026-04-26 19:46:13.995564,AppStore,Best product I have ever bought. 👍,positive
2026-04-26 19:49:14.003983,Twitter,Best product I have ever bought.,positive
2026-04-26 19:51:13.999176,Twitter,Never buying from them again.,negative
2026-04-26 19:59:14.005441,Twitter,Delivery was delayed by 3 days. !?,negative
2026-04-26 20:01:13.993929,AppStore,Let's see how long this lasts.,neutral
2026-04-26 20:02:13.990142,YouTube,Great customer service. 👍,positive
2026-04-26 20:03:13.990338,Twitter,Worst customer support ever. !?,negative
2026-04-26 20:04:13.998777,Reddit,The app has been updated.,neutral
2026-04-26 20:06:13.991161,Twitter,So happy with the quality. 👍,positive
2026-04-26 20:11:13.999919,YouTube,Fantastic UI update. 😊,positive
2026-04-26 20:14:13.999662,AppStore,Average experience. .,neutral
2026-04-26 20:15:13.993107,Twitter,absolutely love this new feature! 😊,positive
2026-04-26 20:18:14.000734,YouTube,Product arrived damaged. !?,negative
2026-04-26 20:20:13.989671,AppStore,The AI is hallucinating and giving wrong info. 👎,negative
2026-04-26 20:23:13.997645,YouTube,Fantastic UI update.,positive
2026-04-26 20:24:13.999782,Twitter,"UI is different, still getting used to it.",neutral
2026-04-26 20:36:13.996962,Reddit,Absolutely love this new feature! 👍,positive
2026-04-26 20:41:14.000634,Reddit,It does what it says.,neutral
2026-04-26 20:45:13.993787,Reddit,standard delivery time. 😐,neutral
2026-04-26 20:52:14.003315,Twitter,5 stars! Excellent work. !!,positive
2026-04-26 20:57:13.992836,AppStore,"i hate the new update, it's so confusing.",negative
2026-04-26 20:58:13.991092,Twitter,Delivery was delayed by 3 days. 👎,negative
2026-04-26 21:00:14.005389,Twitter,"The delivery was super fast, highly recommend. 😊",positive
2026-04-26 21:05:13.999678,Reddit,the ai is hallucinating and giving wrong info.,negative
2026-04-26 21:26:14.000755,AppStore,"ui is different, still getting used to it. .",neutral
2026-04-26 21:27:14.005396,Twitter,They really outdid themselves this time. !!,positive
2026-04-26 21:35:14.001612,AppStore,Delivery was delayed by 3 days. !?,negative
2026-04-26 21:36:14.002129,Reddit,The AI recommendations are spot on.,positive
2026-04-26 21:38:14.001806,AppStore,the ai is hallucinating and giving wrong info. !?,negative
2026-04-26 21:40:14.000281,AppStore,Completely useless feature. 👎,negative
2026-04-26 21:50:14.004301,Twitter,"I hate the new update, it's so confusing. !?",negative
2026-04-26 22:13:13.999612,YouTube,best product i have ever bought. !!,positive
2026-04-26 22:14:13.991658,Reddit,fantastic ui update.,positive
2026-04-26 22:22:14.004279,AppStore,So happy with the quality.,positive
2026-04-26 22:23:13.997300,Reddit,5 stars! Excellent work. 😊,positive
2026-04-26 22:25:14.000648,Twitter,"It works okay, nothing special. .",neutral
2026-04-26 22:29:13.990849,Reddit,Overpriced and underdelivered.,negative
2026-04-26 22:53:13.993370,AppStore,So happy with the quality. !!,positive
2026-04-26 22:56:13.995823,AppStore,Worst customer support ever. !?,negative
2026-04-26 23:11:13.997243,YouTube,"The delivery was super fast, highly recommend. 👍",positive
2026-04-26 23:17:13.990871,YouTube,Great customer service. 😊,positive
2026-04-26 23:18:13.992446,YouTube,Worst customer support ever. 😡,negative
2026-04-26 23:18:13.992488,Twitter,"UI is different, still getting used to it.",neutral
2026-04-26 23:20:13.994033,Reddit,I want a refund right now. 👎,negative
2026-04-26 23:40:13.999761,Twitter,"The delivery was super fast, highly recommend. 😊",positive
2026-04-26 23:41:13.996795,YouTube,Product arrived damaged.,negative
2026-04-26 23:41:13.998737,Twitter,I want a refund right now. 😡,negative
2026-04-26 23:43:14.000727,YouTube,Fantastic UI update. 😊,positive
2026-04-26 23:44:14.002436,AppStore,5 stars! Excellent work. 😊,positive
2026-04-26 23:48:13.991650,YouTube,Delivery was delayed by 3 days.,negative
2026-04-26 23:56:14.002088,AppStore,Best product I have ever bought.,positive
2026-04-26 23:57:13.997737,YouTube,They really outdid themselves this time.,positive
2026-04-27 00:01:13.998892,Twitter,"I hate the new update, it's so confusing.",negative
2026-04-27 00:07:13.999148,Reddit,Never buying from them again. 😡,negative
2026-04-27 00:09:14.006071,Twitter,Absolutely love this new feature!,positive
2026-04-27 00:17:13.997077,YouTube,I guess it's fine for the price. 😐,neutral
2026-04-27 00:18:13.998702,Twitter,Overpriced and underdelivered. !?,negative
2026-04-27 00:30:13.998614,AppStore,Product arrived damaged. !?,negative
2026-04-27 00:45:13.999867,YouTube,Delivery was delayed by 3 days. 👎,negative
2026-04-27 00:47:13.989514,YouTube,"The delivery was super fast, highly recommend. !!",positive
2026-04-27 00:59:14.003356,YouTube,No strong feelings about this. 😐,neutral
2026-04-27 01:09:14.001518,Twitter,Delivery was delayed by 3 days. 👎,negative
2026-04-27 01:11:14.000854,AppStore,I guess it's fine for the price.,neutral
2026-04-27 01:35:14.005685,Twitter,no strong feelings about this. 😐,neutral
2026-04-27 01:38:13.990637,Reddit,Fantastic UI update. 👍,positive
2026-04-27 01:39:13.998394,YouTube,Just received my package.,neutral
2026-04-27 01:46:13.993503,Reddit,Product arrived damaged. 😡,negative
2026-04-27 01:48:14.002421,Twitter,No strong feelings about this. .,neutral
2026-04-27 01:55:13.991774,YouTube,"Incredible experience, will buy again. 👍",positive
2026-04-27 02:03:13.990485,Twitter,Completely useless feature. 😡,negative
2026-04-27 02:12:13.998848,AppStore,Absolutely love this new feature!,positive
2026-04-27 02:16:14.005367,Reddit,average experience. .,neutral
2026-04-27 02:20:14.005874,AppStore,"It works okay, nothing special.",neutral
2026-04-27 02:24:13.993448,Twitter,Delivery was delayed by 3 days. 👎,negative
2026-04-27 02:31:13.998313,YouTube,Completely useless feature.,negative
2026-04-27 02:44:14.002751,AppStore,The AI is hallucinating and giving wrong info. 😡,negative
2026-04-27 02:47:14.001269,YouTube,I guess it's fine for the price. .,neutral
2026-04-27 02:50:13.993716,Twitter,never buying from them again.,negative
2026-04-27 02:51:13.999956,Twitter,Worst customer support ever. 😡,negative
2026-04-27 02:56:13.992575,YouTube,5 stars! excellent work. 👍,positive
2026-04-27 02:59:14.004510,Reddit,I want a refund right now. 👎,negative
2026-04-27 03:11:14.001392,AppStore,Average experience.,neutral
2026-04-27 03:13:13.994005,Twitter,Best product I have ever bought.,positive
2026-04-27 03:16:14.005571,Reddit,Worst customer support ever. 👎,negative
2026-04-27 03:18:13.999080,Reddit,average experience.,neutral
2026-04-27 03:28:14.000251,Reddit,Just received my package. 😐,neutral
2026-04-27 03:32:13.993596,Reddit,Great customer service. 😊,positive
2026-04-27 03:38:13.992725,Twitter,It does what it says.,neutral
2026-04-27 03:40:14.003081,YouTube,"incredible experience, will buy again. 😊",positive
2026-04-27 03:43:14.002518,Twitter,Great customer service. 😊,positive
2026-04-27 03:53:13.992385,Twitter,"Terrible experience, my app keeps crashing.",negative
2026-04-27 03:58:14.006143,YouTube,the ai recommendations are spot on. 👍,positive
2026-04-27 04:02:13.994946,AppStore,"UI is different, still getting used to it. 😐",neutral
2026-04-27 04:04:14.002413,YouTube,I guess it's fine for the price. .,neutral
2026-04-27 04:04:14.005160,Reddit,Standard delivery time. .,neutral
2026-04-27 04:20:13.993538,Twitter,Let's see how long this lasts. 😐,neutral
2026-04-27 04:27:13.989588,YouTube,No strong feelings about this. .,neutral
2026-04-27 04:34:13.989336,Reddit,Great customer service. !!,positive
2026-04-27 04:35:13.989988,Twitter,Best product I have ever bought.,positive
2026-04-27 04:38:13.989783,Twitter,"The delivery was super fast, highly recommend. 😊",positive
2026-04-27 04:39:13.998450,Twitter,never buying from them again. !?,negative
2026-04-27 04:42:14.001106,AppStore,So happy with the quality. 👍,positive
2026-04-27 04:42:14.001889,Twitter,The AI recommendations are spot on. !!,positive
2026-04-27 04:58:13.991184,YouTube,The app has been updated.,neutral
2026-04-27 05:01:13.992979,Twitter,Standard delivery time.,neutral
2026-04-27 05:08:13.995349,YouTube,the app has been updated.,neutral
2026-04-27 05:09:13.999979,Reddit,"terrible experience, my app keeps crashing. 😡",negative
2026-04-27 05:16:14.005677,Twitter,Absolutely love this new feature!,positive
2026-04-27 05:17:13.994181,Reddit,I guess it's fine for the price.,neutral
2026-04-27 05:20:14.002360,Twitter,So happy with the quality.,positive
2026-04-27 05:24:13.995603,YouTube,It does what it says. 😐,neutral
2026-04-27 05:26:14.003682,YouTube,The app has been updated. .,neutral
2026-04-27 05:27:13.994793,Reddit,So happy with the quality. 👍,positive
2026-04-27 05:29:13.994126,Twitter,"UI is different, still getting used to it.",neutral
2026-04-27 05:42:14.002639,Twitter,Standard delivery time. 😐,neutral
2026-04-27 05:47:14.000008,AppStore,Average experience.,neutral
2026-04-27 05:51:13.999218,YouTube,The AI is hallucinating and giving wrong info. 😡,negative
2026-04-27 05:57:14.005211,AppStore,So happy with the quality. !!,positive
2026-04-27 06:01:13.992073,Reddit,Just received my package. 😐,neutral
2026-04-27 06:01:13.998535,Twitter,i guess it's fine for the price.,neutral
2026-04-27 06:01:14.000627,YouTube,Product arrived damaged. 😡,negative
2026-04-27 06:02:14.000655,Twitter,the ai recommendations are spot on. 😊,positive
2026-04-27 06:04:13.990417,Reddit,the ai is hallucinating and giving wrong info. 👎,negative
2026-04-27 06:06:14.001966,Reddit,Never buying from them again. 😡,negative
2026-04-27 06:17:13.995315,AppStore,Just received my package.,neutral
2026-04-27 06:21:13.999227,Reddit,Let's see how long this lasts. .,neutral
2026-04-27 06:22:14.000194,AppStore,completely useless feature. !?,negative
2026-04-27 06:24:13.998197,Twitter,It does what it says. 😐,neutral
2026-04-27 06:32:14.002661,YouTube,Absolutely love this new feature! !!,positive
2026-04-27 06:36:14.001741,AppStore,standard delivery time. .,neutral
2026-04-27 06:44:14.001158,Reddit,overpriced and underdelivered. 👎,negative
2026-04-27 06:45:13.998934,AppStore,I guess it's fine for the price. .,neutral
2026-04-27 06:48:13.998297,Reddit,Product arrived damaged. 👎,negative
2026-04-27 06:54:13.999947,Twitter,worst customer support ever.,negative
2026-04-27 06:59:14.000345,Reddit,Best product I have ever bought. 😊,positive
2026-04-27 07:05:13.992568,Twitter,No strong feelings about this. .,neutral
2026-04-27 07:07:14.003229,Twitter,I want a refund right now. 😡,negative
2026-04-27 07:10:14.002631,Twitter,the ai is hallucinating and giving wrong info. !?,negative
2026-04-27 07:24:13.989472,Reddit,So happy with the quality. !!,positive
2026-04-27 07:26:14.001605,Reddit,"I hate the new update, it's so confusing.",negative
2026-04-27 07:30:13.994970,AppStore,Great customer service.,positive
2026-04-27 07:31:14.002223,YouTube,Average experience. 😐,neutral
2026-04-27 07:52:13.990330,AppStore,"I hate the new update, it's so confusing.",negative
2026-04-27 08:00:14.000947,YouTube,The AI recommendations are spot on. 😊,positive
2026-04-27 08:08:13.991326,Twitter,great customer service. 😊,positive
2026-04-27 08:15:13.993773,AppStore,Let's see how long this lasts. 😐,neutral
2026-04-27 08:17:13.993350,Reddit,Let's see how long this lasts. .,neutral
2026-04-27 08:25:13.998841,YouTube,product arrived damaged. 😡,negative
2026-04-27 08:38:13.998666,Twitter,"Terrible experience, my app keeps crashing. 😡",negative
2026-04-27 08:41:14.001210,AppStore,delivery was delayed by 3 days. 😡,negative
2026-04-27 08:42:13.989966,Reddit,5 stars! Excellent work. 😊,positive
2026-04-27 08:45:14.002677,AppStore,They really outdid themselves this time. 👍,positive
2026-04-27 08:50:13.993157,Reddit,worst customer support ever. 😡,negative
2026-04-27 09:05:13.990499,Reddit,Standard delivery time. .,neutral
2026-04-27 09:12:14.002352,AppStore,"The delivery was super fast, highly recommend. 😊",positive
2026-04-27 09:14:13.994133,Twitter,No strong feelings about this. .,neutral
2026-04-27 09:31:13.992273,YouTube,Completely useless feature. 😡,negative
2026-04-27 09:31:13.992553,AppStore,Fantastic UI update. 👍,positive
2026-04-27 09:33:13.994060,Reddit,So happy with the quality.,positive
2026-04-27 09:41:14.002081,Twitter,5 stars! Excellent work.,positive
2026-04-27 09:55:13.991100,Twitter,Let's see how long this lasts.,neutral
2026-04-27 09:59:13.997427,Reddit,delivery was delayed by 3 days. !?,negative
2026-04-27 10:11:14.000483,Twitter,5 stars! Excellent work.,positive
2026-04-27 10:12:13.989945,Reddit,"Terrible experience, my app keeps crashing. !?",negative
2026-04-27 10:15:13.991107,Reddit,I want a refund right now. 👎,negative
2026-04-27 10:18:13.994105,Reddit,Completely useless feature. 👎,negative
2026-04-27 10:18:14.000391,AppStore,Standard delivery time.,neutral
2026-04-27 10:22:13.996506,Twitter,fantastic ui update.,positive
2026-04-27 10:24:13.997063,Reddit,"Incredible experience, will buy again. 😊",positive
2026-04-27 10:27:13.993723,Twitter,best product i have ever bought.,positive
2026-04-27 10:29:13.996861,Twitter,No strong feelings about this. 😐,neutral
2026-04-27 10:30:13.990571,AppStore,"incredible experience, will buy again. 😊",positive
2026-04-27 10:30:13.992771,Twitter,i want a refund right now. 😡,negative
2026-04-27 10:38:13.992957,YouTube,"i hate the new update, it's so confusing. 😡",negative
2026-04-27 10:43:13.991036,YouTube,5 stars! excellent work. !!,positive
2026-04-27 10:55:14.000201,Twitter,Completely useless feature. !?,negative
2026-04-27 11:01:13.992395,Twitter,"ui is different, still getting used to it. 😐",neutral
2026-04-27 11:24:13.996345,YouTube,let's see how long this lasts. .,neutral
2026-04-27 11:29:14.003945,YouTube,"The delivery was super fast, highly recommend.",positive
2026-04-27 11:32:13.997573,AppStore,The AI is hallucinating and giving wrong info.,negative
2026-04-27 11:34:13.996844,Reddit,Great customer service. 👍,positive
2026-04-27 11:36:13.996158,Reddit,"I hate the new update, it's so confusing. 👎",negative
2026-04-27 11:50:14.000229,AppStore,Absolutely love this new feature! 👍,positive
2026-04-27 11:56:13.999285,Reddit,The app has been updated. .,neutral
2026-04-27 11:57:13.999155,YouTube,The AI is hallucinating and giving wrong info. !?,negative
2026-04-27 12:00:14.004180,AppStore,It does what it says. .,neutral
2026-04-27 12:07:14.005375,Reddit,completely useless feature.,negative
2026-04-27 12:20:14.001569,Reddit,Absolutely love this new feature! !!,positive
2026-04-27 12:30:13.994895,Twitter,They really outdid themselves this time.,positive
2026-04-27 12:35:13.998327,Twitter,Average experience. 😐,neutral
2026-04-27 12:36:13.993307,Twitter,Absolutely love this new feature! 👍,positive
2026-04-27 12:40:14.001063,AppStore,Worst customer support ever. 😡,negative
2026-04-27 12:41:13.995518,Twitter,"The delivery was super fast, highly recommend. !!",positive
2026-04-27 12:49:13.997952,AppStore,Overpriced and underdelivered.,negative
2026-04-27 12:50:13.989893,Twitter,"I hate the new update, it's so confusing.",negative
2026-04-27 12:50:13.998754,AppStore,Standard delivery time. .,neutral
2026-04-27 12:58:14.006135,AppStore,Absolutely love this new feature! !!,positive
2026-04-27 13:00:14.006026,AppStore,"The delivery was super fast, highly recommend. !!",positive
2026-04-27 13:03:14.005933,Reddit,"Incredible experience, will buy again.",positive
2026-04-27 13:11:13.999433,YouTube,"it works okay, nothing special.",neutral
2026-04-27 13:24:14.005496,YouTube,Just received my package. 😐,neutral
2026-04-27 13:26:13.995714,YouTube,Product arrived damaged. 😡,negative
2026-04-27 13:28:14.006033,AppStore,5 stars! Excellent work. 😊,positive
2026-04-27 13:29:14.005919,YouTube,Absolutely love this new feature! 😊,positive
2026-04-27 13:34:13.998506,AppStore,So happy with the quality.,positive
2026-04-27 13:36:14.005220,Reddit,I want a refund right now.,negative
2026-04-27 13:51:13.991278,Reddit,The app has been updated. .,neutral
2026-04-27 13:54:14.000172,Twitter,I guess it's fine for the price.,neutral
2026-04-27 13:54:14.000806,YouTube,Fantastic UI update.,positive
2026-04-27 13:58:13.997171,AppStore,No strong feelings about this. .,neutral
2026-04-27 14:00:14.000113,YouTube,Best product I have ever bought.,positive
2026-04-27 14:01:14.001882,YouTube,5 stars! Excellent work. !!,positive
2026-04-27 14:03:14.000469,AppStore,Best product I have ever bought. !!,positive
2026-04-27 14:16:13.991483,YouTube,i guess it's fine for the price. .,neutral
2026-04-27 14:21:14.000505,AppStore,the ai is hallucinating and giving wrong info. 👎,negative
2026-04-27 14:23:13.992424,Reddit,Standard delivery time. 😐,neutral
2026-04-27 14:23:13.995836,YouTube,No strong feelings about this. 😐,neutral
2026-04-27 14:26:14.004616,Twitter,"The delivery was super fast, highly recommend. 😊",positive
2026-04-27 14:28:13.998855,Twitter,It does what it says.,neutral
2026-04-27 14:29:14.000215,AppStore,Average experience. .,neutral
2026-04-27 14:35:13.989909,Reddit,"Terrible experience, my app keeps crashing.",negative
2026-04-27 14:36:14.004995,AppStore,"Incredible experience, will buy again. !!",positive
2026-04-27 14:42:14.002179,AppStore,Completely useless feature. 👎,negative
2026-04-27 14:46:13.995459,Reddit,just received my package.,neutral
2026-04-27 14:47:13.990944,Reddit,5 stars! Excellent work. !!,positive
2026-04-27 14:48:13.997121,Twitter,No strong feelings about this. 😐,neutral
2026-04-27 14:50:14.002428,Reddit,"UI is different, still getting used to it.",neutral
2026-04-27 14:58:13.995391,YouTube,standard delivery time.,neutral
2026-04-27 15:12:14.004546,AppStore,Never buying from them again. 👎,negative
2026-04-27 15:13:13.991048,AppStore,Standard delivery time. .,neutral
2026-04-27 15:28:13.997880,Twitter,overpriced and underdelivered. 👎,negative
2026-04-27 15:30:13.999619,YouTube,"incredible experience, will buy again.",positive
2026-04-27 15:37:13.996969,AppStore,So happy with the quality. !!,positive
2026-04-27 15:42:13.992786,Twitter,The AI is hallucinating and giving wrong info. !?,negative
2026-04-27 15:45:13.989828,Twitter,I guess it's fine for the price. 😐,neutral
2026-04-27 15:45:14.005152,YouTube,Standard delivery time. 😐,neutral
2026-04-27 15:46:14.003247,Twitter,The app has been updated. 😐,neutral
2026-04-27 15:52:14.000720,YouTube,"It works okay, nothing special. .",neutral
2026-04-27 15:56:14.001113,Twitter,The AI recommendations are spot on.,positive
2026-04-27 15:58:14.000099,AppStore,"The delivery was super fast, highly recommend.",positive
2026-04-27 15:59:14.000143,Reddit,The AI recommendations are spot on. 😊,positive
2026-04-27 16:01:14.003867,Twitter,"I hate the new update, it's so confusing.",negative
2026-04-27 16:02:13.996112,YouTube,They really outdid themselves this time.,positive
2026-04-27 16:24:13.992059,AppStore,Overpriced and underdelivered.,negative
2026-04-27 16:27:14.005291,Twitter,Completely useless feature. 👎,negative
2026-04-27 16:28:14.001748,AppStore,It does what it says.,neutral
2026-04-27 16:33:14.000309,Reddit,let's see how long this lasts. .,neutral
2026-04-27 16:35:14.005073,Reddit,I guess it's fine for the price. 😐,neutral
2026-04-27 16:43:13.991586,YouTube,I guess it's fine for the price. .,neutral
2026-04-27 16:47:13.996992,Twitter,The AI recommendations are spot on. !!,positive
2026-04-27 16:50:13.994919,Twitter,Completely useless feature. !?,negative
2026-04-27 16:51:13.991023,Twitter,"I hate the new update, it's so confusing.",negative
2026-04-27 16:55:13.993293,Reddit,5 stars! Excellent work. 😊,positive
2026-04-27 17:03:14.001734,Twitter,I want a refund right now. 👎,negative
2026-04-27 17:05:13.994046,Twitter,Worst customer support ever. !?,negative
2026-04-27 17:05:13.997185,AppStore,"I hate the new update, it's so confusing. 👎",negative
2026-04-27 17:06:13.992087,Reddit,Completely useless feature. !?,negative
2026-04-27 17:11:13.998000,Reddit,I guess it's fine for the price. 😐,neutral
2026-04-27 17:15:13.997070,AppStore,Completely useless feature. 😡,negative
2026-04-27 17:16:13.997730,Twitter,Delivery was delayed by 3 days. !?,negative
2026-04-27 17:30:13.999548,Reddit,"Incredible experience, will buy again.",positive
2026-04-27 17:33:13.998493,Reddit,"terrible experience, my app keeps crashing. 😡",negative
2026-04-27 17:34:13.990236,Twitter,Worst customer support ever. 😡,negative
2026-04-27 17:36:13.990387,Reddit,"The delivery was super fast, highly recommend. !!",positive
2026-04-27 17:46:13.998464,YouTube,Fantastic UI update. 😊,positive
2026-04-27 17:47:14.000476,AppStore,It does what it says. .,neutral
2026-04-27 17:48:13.997752,YouTube,great customer service. !!,positive
2026-04-27 17:49:14.004363,Reddit,So happy with the quality. !!,positive
2026-04-27 17:54:14.002367,YouTube,The app has been updated. .,neutral
2026-04-27 18:06:14.004742,YouTube,"I hate the new update, it's so confusing.",negative
2026-04-27 18:14:13.992481,Twitter,"Incredible experience, will buy again. !!",positive
2026-04-27 18:30:13.993433,YouTube,Let's see how long this lasts. 😐,neutral
2026-04-27 18:31:13.993610,Twitter,Great customer service. 😊,positive
2026-04-27 18:31:13.996272,AppStore,No strong feelings about this. .,neutral
2026-04-27 18:58:13.990664,Twitter,product arrived damaged.,negative
2026-04-27 19:07:14.000455,Reddit,"I hate the new update, it's so confusing. 👎",negative
2026-04-27 19:27:14.001562,Twitter,Overpriced and underdelivered.,negative
2026-04-27 19:30:13.996282,Twitter,They really outdid themselves this time. 😊,positive
2026-04-27 19:36:14.006041,AppStore,They really outdid themselves this time. 😊,positive
2026-04-27 19:55:13.997457,Reddit,Delivery was delayed by 3 days. 👎,negative
2026-04-27 20:10:14.005843,Twitter,5 stars! Excellent work.,positive
2026-04-27 20:14:13.997135,Reddit,"It works okay, nothing special.",neutral
2026-04-27 20:14:14.004190,AppStore,let's see how long this lasts. 😐,neutral
2026-04-27 20:18:13.999640,Twitter,I want a refund right now.,negative
2026-04-27 20:20:14.005343,Reddit,Worst customer support ever. 😡,negative
2026-04-27 20:23:14.002208,Reddit,they really outdid themselves this time.,positive
2026-04-27 20:24:13.992582,Twitter,i want a refund right now.,negative
2026-04-27 20:25:14.005700,Twitter,I want a refund right now. 👎,negative
2026-04-27 20:27:13.995883,YouTube,fantastic ui update. 👍,positive
2026-04-27 20:28:14.005760,Reddit,They really outdid themselves this time. !!,positive
2026-04-27 20:29:14.004657,YouTube,They really outdid themselves this time. 😊,positive
2026-04-27 20:42:13.992258,Reddit,Absolutely love this new feature!,positive
2026-04-27 20:43:13.991145,AppStore,Overpriced and underdelivered. !?,negative
2026-04-27 20:50:13.990901,YouTube,5 stars! Excellent work. 😊,positive
2026-04-27 20:56:13.995467,YouTube,absolutely love this new feature! !!,positive
2026-04-27 20:56:14.001904,Twitter,The app has been updated.,neutral
2026-04-27 20:58:13.997251,Reddit,The app has been updated. 😐,neutral
2026-04-27 20:58:13.998673,Twitter,"It works okay, nothing special. .",neutral
2026-04-27 21:09:13.997193,Twitter,it does what it says. 😐,neutral
2026-04-27 21:27:13.991152,Reddit,"Terrible experience, my app keeps crashing. 👎",negative
2026-04-27 21:27:13.998628,YouTube,Best product I have ever bought.,positive
2026-04-27 21:27:13.999039,Reddit,The AI is hallucinating and giving wrong info. 👎,negative
2026-04-27 21:32:13.993419,YouTube,Completely useless feature.,negative
2026-04-27 21:37:13.993552,AppStore,Let's see how long this lasts. 😐,neutral
2026-04-27 21:44:13.992335,Twitter,Completely useless feature.,negative
2026-04-27 21:48:13.997823,Reddit,"Terrible experience, my app keeps crashing.",negative
2026-04-27 21:48:14.004478,Reddit,Worst customer support ever. !?,negative
2026-04-27 21:50:13.991512,YouTube,"incredible experience, will buy again.",positive
2026-04-27 21:55:13.998791,AppStore,completely useless feature. 👎,negative
2026-04-27 22:01:13.993759,YouTube,"Incredible experience, will buy again. 😊",positive
2026-04-27 22:05:13.999204,AppStore,Let's see how long this lasts. .,neutral
2026-04-27 22:05:14.001498,YouTube,Delivery was delayed by 3 days. 😡,negative
2026-04-27 22:08:13.991270,Reddit,great customer service. 😊,positive
2026-04-27 22:11:13.994089,YouTube,Standard delivery time. .,neutral
2026-04-27 22:37:14.004422,Reddit,just received my package. .,neutral
2026-04-27 22:38:13.994812,AppStore,Completely useless feature. 👎,negative
2026-04-27 22:42:14.005963,Twitter,"It works okay, nothing special.",neutral
2026-04-27 22:46:13.999791,Reddit,Best product I have ever bought.,positive
2026-04-27 22:58:14.005926,Twitter,The AI recommendations are spot on.,positive
2026-04-27 23:00:13.999713,YouTube,Worst customer support ever. 👎,negative
2026-04-27 23:07:13.994938,Reddit,just received my package. 😐,neutral
2026-04-27 23:21:13.998972,Reddit,just received my package.,neutral
2026-04-27 23:21:14.004502,Reddit,Standard delivery time. .,neutral
2026-04-27 23:25:13.994537,Reddit,Worst customer support ever. 😡,negative
2026-04-27 23:48:13.991760,AppStore,I guess it's fine for the price. 😐,neutral
2026-04-27 23:51:14.003648,YouTube,5 stars! Excellent work. 😊,positive
2026-04-27 23:54:13.990628,Twitter,So happy with the quality.,positive
2026-04-27 23:57:14.002450,AppStore,5 stars! Excellent work. 👍,positive
2026-04-28 00:04:13.993426,AppStore,"Incredible experience, will buy again. 👍",positive
2026-04-28 00:10:13.996934,AppStore,Let's see how long this lasts. .,neutral
2026-04-28 00:12:13.990432,AppStore,Let's see how long this lasts.,neutral
2026-04-28 00:14:13.992453,Twitter,"UI is different, still getting used to it.",neutral
2026-04-28 00:16:14.003632,Twitter,I want a refund right now. 😡,negative
2026-04-28 00:17:14.004562,YouTube,Completely useless feature. 😡,negative
2026-04-28 00:21:14.001006,Twitter,it does what it says. .,neutral
2026-04-28 00:22:13.999046,AppStore,The AI is hallucinating and giving wrong info. !?,negative
2026-04-28 00:23:13.999733,Reddit,Let's see how long this lasts. .,neutral
2026-04-28 00:24:14.004309,AppStore,great customer service. !!,positive
2026-04-28 00:26:14.002031,AppStore,Great customer service. !!,positive
2026-04-28 00:26:14.004592,YouTube,I want a refund right now. 👎,negative
2026-04-28 00:30:13.999819,YouTube,Just received my package. .,neutral
2026-04-28 00:40:13.991540,Reddit,The AI recommendations are spot on. 👍,positive
2026-04-28 00:43:14.004897,Twitter,"Incredible experience, will buy again. 👍",positive
2026-04-28 00:44:14.000267,Twitter,Average experience. .,neutral
2026-04-28 01:09:13.992320,YouTube,Never buying from them again. !?,negative
2026-04-28 01:09:13.993218,AppStore,"i hate the new update, it's so confusing. 😡",negative
2026-04-28 01:21:13.993688,AppStore,I guess it's fine for the price. 😐,neutral
2026-04-28 01:25:14.003065,Twitter,Just received my package. 😐,neutral
2026-04-28 01:27:13.995581,Reddit,It does what it says.,neutral
2026-04-28 01:28:14.001143,YouTube,"Incredible experience, will buy again. 👍",positive
2026-04-28 01:29:14.003745,Reddit,The AI is hallucinating and giving wrong info. !?,negative
2026-04-28 01:29:14.006003,Twitter,Just received my package. .,neutral
2026-04-28 01:37:14.000889,Reddit,Average experience. 😐,neutral
2026-04-28 01:39:14.006048,AppStore,"Incredible experience, will buy again. !!",positive
2026-04-28 01:41:13.992525,AppStore,Never buying from them again. 👎,negative
2026-04-28 01:44:13.998017,Twitter,Best product I have ever bought.,positive
2026-04-28 01:45:14.003953,YouTube,"the delivery was super fast, highly recommend. 😊",positive
2026-04-28 01:59:13.991899,Reddit,"I hate the new update, it's so confusing. 👎",negative
2026-04-28 02:00:13.994632,Reddit,"The delivery was super fast, highly recommend.",positive
2026-04-28 02:12:13.991526,AppStore,i guess it's fine for the price. 😐,neutral
2026-04-28 02:17:13.990409,Twitter,the app has been updated. 😐,neutral
2026-04-28 02:25:14.001071,Reddit,Let's see how long this lasts.,neutral
2026-04-28 02:27:13.998593,YouTube,"I hate the new update, it's so confusing.",negative
2026-04-28 02:32:14.003214,YouTube,"Terrible experience, my app keeps crashing. 👎",negative
2026-04-28 02:48:13.999685,YouTube,"I hate the new update, it's so confusing.",negative
2026-04-28 02:49:14.005185,AppStore,"I hate the new update, it's so confusing. 👎",negative
2026-04-28 02:51:13.993272,Twitter,Worst customer support ever. 👎,negative
2026-04-28 02:51:14.001939,AppStore,Average experience.,neutral
2026-04-28 02:56:13.997710,Twitter,let's see how long this lasts. 😐,neutral
2026-04-28 03:02:14.004517,Reddit,"Terrible experience, my app keeps crashing. !?",negative
2026-04-28 03:10:13.995383,Twitter,I want a refund right now. !?,negative
2026-04-28 03:17:13.989886,YouTube,It does what it says.,neutral
2026-04-28 03:18:13.998371,Reddit,No strong feelings about this. .,neutral
2026-04-28 03:22:14.000992,AppStore,Product arrived damaged. 👎,negative
2026-04-28 03:22:14.005715,Reddit,"Incredible experience, will buy again.",positive
2026-04-28 03:35:13.997830,Twitter,Best product I have ever bought. !!,positive
2026-04-28 03:39:13.990068,Twitter,The AI is hallucinating and giving wrong info. 👎,negative
2026-04-28 03:48:14.005988,AppStore,"i hate the new update, it's so confusing. 👎",negative
2026-04-28 03:54:13.994112,YouTube,"UI is different, still getting used to it. 😐",neutral
2026-04-28 03:59:13.990718,AppStore,I guess it's fine for the price. .,neutral
2026-04-28 03:59:13.992711,AppStore,the ai is hallucinating and giving wrong info. 😡,negative
2026-04-28 04:06:14.001932,Twitter,The AI is hallucinating and giving wrong info.,negative
2026-04-28 04:14:14.005419,Reddit,Best product I have ever bought.,positive
2026-04-28 04:18:13.995533,Reddit,Worst customer support ever. 👎,negative
2026-04-28 04:18:13.997370,YouTube,Delivery was delayed by 3 days. 😡,negative
2026-04-28 04:20:13.993405,AppStore,Completely useless feature. !?,negative
2026-04-28 04:24:13.994689,YouTube,They really outdid themselves this time. 👍,positive
2026-04-28 04:25:13.993991,AppStore,standard delivery time. 😐,neutral
2026-04-28 04:27:13.994820,Twitter,Let's see how long this lasts.,neutral
2026-04-28 04:28:13.989791,Reddit,Average experience. 😐,neutral
2026-04-28 04:37:13.996382,Reddit,Delivery was delayed by 3 days. 👎,negative
2026-04-28 04:37:14.004600,Twitter,Best product I have ever bought. !!,positive
2026-04-28 04:41:13.999633,YouTube,Just received my package.,neutral
2026-04-28 04:45:14.005426,Twitter,it does what it says. .,neutral
2026-04-28 04:54:14.006056,AppStore,Fantastic UI update. 👍,positive
2026-04-28 04:58:13.996040,YouTube,absolutely love this new feature! !!,positive
2026-04-28 05:01:13.992603,Reddit,The app has been updated.,neutral
2026-04-28 05:04:13.996919,YouTube,overpriced and underdelivered. 😡,negative
2026-04-28 05:19:13.992094,AppStore,No strong feelings about this.,neutral
2026-04-28 05:19:13.996955,YouTube,Absolutely love this new feature!,positive
2026-04-28 05:24:13.995849,Twitter,"The delivery was super fast, highly recommend. 👍",positive
2026-04-28 05:34:13.991342,YouTube,standard delivery time. 😐,neutral
2026-04-28 05:39:14.000690,Twitter,The AI recommendations are spot on. !!,positive
2026-04-28 05:39:14.003255,Twitter,Absolutely love this new feature! 😊,positive
2026-04-28 05:49:14.004813,Reddit,Overpriced and underdelivered. 😡,negative
2026-04-28 05:58:13.997816,Twitter,Fantastic UI update. 😊,positive
2026-04-28 05:59:13.998026,YouTube,Just received my package.,neutral
2026-04-28 06:00:13.997049,Reddit,"It works okay, nothing special. 😐",neutral
2026-04-28 06:03:14.004414,AppStore,they really outdid themselves this time.,positive
2026-04-28 06:04:13.991547,Twitter,completely useless feature. 👎,negative
2026-04-28 06:16:13.998266,Twitter,I guess it's fine for the price. .,neutral
2026-04-28 06:18:14.005609,Twitter,Just received my package. 😐,neutral
2026-04-28 06:22:13.990477,YouTube,"UI is different, still getting used to it. 😐",neutral
2026-04-28 06:24:13.999392,Reddit,"Terrible experience, my app keeps crashing. 👎",negative
2026-04-28 06:30:13.995787,Reddit,"I hate the new update, it's so confusing. 👎",negative
2026-04-28 06:32:13.998716,Reddit,Never buying from them again. 😡,negative
2026-04-28 06:34:13.999926,Twitter,Completely useless feature. 👎,negative
2026-04-28 06:42:13.989959,Twitter,worst customer support ever. !?,negative
2026-04-28 06:53:13.994220,AppStore,"Terrible experience, my app keeps crashing. !?",negative
2026-04-28 06:56:13.991263,YouTube,Delivery was delayed by 3 days.,negative
2026-04-28 06:56:14.004734,AppStore,"i hate the new update, it's so confusing. 👎",negative
2026-04-28 06:58:13.993858,Twitter,"it works okay, nothing special. 😐",neutral
2026-04-28 06:59:14.000288,Twitter,It does what it says. .,neutral
2026-04-28 07:03:13.990857,Twitter,"UI is different, still getting used to it. 😐",neutral
2026-04-28 07:08:13.999371,YouTube,Fantastic UI update. !!,positive
2026-04-28 07:09:14.004906,AppStore,5 stars! Excellent work. !!,positive
2026-04-28 07:17:14.003508,AppStore,"UI is different, still getting used to it.",neutral
2026-04-28 07:19:13.997588,Twitter,The AI is hallucinating and giving wrong info. 👎,negative
2026-04-28 07:22:13.997930,AppStore,Worst customer support ever. !?,negative
2026-04-28 07:25:13.989769,YouTube,The AI recommendations are spot on.,positive
2026-04-28 07:28:13.991913,YouTube,delivery was delayed by 3 days. 👎,negative
2026-04-28 07:30:14.003836,AppStore,no strong feelings about this.,neutral
2026-04-28 07:38:13.991621,YouTube,"Terrible experience, my app keeps crashing.",negative
2026-04-28 07:39:14.005462,Twitter,The AI is hallucinating and giving wrong info.,negative
2026-04-28 07:40:14.000520,AppStore,no strong feelings about this. .,neutral
2026-04-28 07:43:13.994829,Twitter,The AI recommendations are spot on. 👍,positive
2026-04-28 07:44:14.002314,Reddit,absolutely love this new feature! 👍,positive
2026-04-28 07:51:14.005995,YouTube,The AI recommendations are spot on.,positive
2026-04-28 07:52:13.998008,YouTube,they really outdid themselves this time. 👍,positive
2026-04-28 07:53:13.990937,YouTube,Overpriced and underdelivered.,negative
2026-04-28 07:54:13.994272,YouTube,Best product I have ever bought. !!,positive
2026-04-28 07:59:13.993531,Twitter,let's see how long this lasts. 😐,neutral
2026-04-28 07:59:13.998798,AppStore,"I hate the new update, it's so confusing.",negative
2026-04-28 08:00:13.991349,AppStore,I want a refund right now. 👎,negative
2026-04-28 08:09:13.995333,AppStore,Never buying from them again. !?,negative
2026-04-28 08:15:13.993780,Reddit,Product arrived damaged. 😡,negative
2026-04-28 08:30:13.993702,AppStore,So happy with the quality. 😊,positive
2026-04-28 08:35:14.002497,Reddit,Never buying from them again. 😡,negative
2026-04-28 08:37:14.000598,Twitter,Best product I have ever bought. !!,positive
2026-04-28 08:37:14.005038,AppStore,overpriced and underdelivered.,negative
2026-04-28 08:40:14.001085,Twitter,it does what it says.,neutral
2026-04-28 08:44:13.998572,Reddit,"I hate the new update, it's so confusing. !?",negative
2026-04-28 08:52:13.995001,Reddit,The AI is hallucinating and giving wrong info.,negative
2026-04-28 08:53:14.005578,YouTube,Completely useless feature. 👎,negative
2026-04-28 09:07:14.000683,AppStore,Worst customer support ever.,negative
2026-04-28 09:11:14.002489,YouTube,5 stars! excellent work. 😊,positive
2026-04-28 09:14:13.994140,AppStore,It does what it says.,neutral
2026-04-28 09:28:13.990184,AppStore,The app has been updated. .,neutral
2026-04-28 09:41:14.002376,YouTube,Let's see how long this lasts.,neutral
2026-04-28 09:49:13.997975,YouTube,The AI recommendations are spot on.,positive
2026-04-28 09:52:13.990119,Twitter,"The delivery was super fast, highly recommend. 👍",positive
2026-04-28 09:58:14.001996,AppStore,product arrived damaged. !?,negative
2026-04-28 10:06:13.991950,YouTube,No strong feelings about this.,neutral
2026-04-28 10:10:13.993831,Twitter,Worst customer support ever.,negative
2026-04-28 10:11:13.992460,AppStore,"it works okay, nothing special. .",neutral
2026-04-28 10:20:13.999740,Reddit,"The delivery was super fast, highly recommend.",positive
2026-04-28 10:28:14.005738,Twitter,It does what it says. .,neutral
2026-04-28 10:33:14.000322,Reddit,"Terrible experience, my app keeps crashing. 👎",negative
2026-04-28 10:37:14.004060,YouTube,So happy with the quality. !!,positive
2026-04-28 10:46:13.993441,YouTube,Delivery was delayed by 3 days.,negative
2026-04-28 10:46:13.998160,Twitter,Overpriced and underdelivered. 👎,negative
2026-04-28 10:46:14.003730,Reddit,the ai is hallucinating and giving wrong info. 😡,negative
2026-04-28 10:48:13.998806,YouTube,Just received my package. .,neutral
2026-04-28 10:48:14.001262,AppStore,Overpriced and underdelivered. 👎,negative
2026-04-28 10:54:13.990923,Twitter,"I hate the new update, it's so confusing. 😡",negative
2026-04-28 10:59:13.996147,Reddit,great customer service. !!,positive
2026-04-28 11:08:14.000583,Reddit,The app has been updated. .,neutral
2026-04-28 11:09:13.994053,Reddit,"Incredible experience, will buy again.",positive
2026-04-28 11:10:14.004015,Reddit,Let's see how long this lasts. .,neutral
2026-04-28 11:13:14.005129,AppStore,"UI is different, still getting used to it.",neutral
2026-04-28 11:14:13.992495,Reddit,Completely useless feature.,negative
2026-04-28 11:26:13.992432,YouTube,it does what it says. 😐,neutral
2026-04-28 11:26:13.999134,YouTube,"The delivery was super fast, highly recommend. 😊",positive
2026-04-28 11:31:13.998401,AppStore,absolutely love this new feature! 👍,positive
2026-04-28 11:35:13.998607,AppStore,Fantastic UI update.,positive
2026-04-28 11:37:13.996552,YouTube,I guess it's fine for the price. .,neutral
2026-04-28 11:42:14.002480,YouTube,So happy with the quality. !!,positive
2026-04-28 11:57:13.991115,YouTube,Let's see how long this lasts.,neutral
2026-04-28 12:00:14.001763,Twitter,Product arrived damaged. 👎,negative
2026-04-28 12:02:13.993639,Twitter,Standard delivery time.,neutral
2026-04-28 12:12:14.002557,Twitter,Delivery was delayed by 3 days.,negative
2026-04-28 12:17:14.000127,AppStore,Product arrived damaged. !?,negative
2026-04-28 12:19:13.990593,AppStore,Fantastic UI update. 😊,positive
2026-04-28 12:30:14.002104,Twitter,"the delivery was super fast, highly recommend. 👍",positive
2026-04-28 12:37:14.001989,Twitter,Great customer service.,positive
2026-04-28 12:39:13.991370,Reddit,The app has been updated. 😐,neutral
2026-04-28 12:42:14.004394,Twitter,No strong feelings about this.,neutral
2026-04-28 12:44:13.999169,Reddit,They really outdid themselves this time. !!,positive
2026-04-28 12:45:13.995269,Twitter,they really outdid themselves this time. !!,positive
2026-04-28 12:46:13.990600,AppStore,It does what it says. .,neutral
2026-04-28 12:52:13.996576,AppStore,"The delivery was super fast, highly recommend.",positive
2026-04-28 12:56:13.995216,YouTube,"It works okay, nothing special.",neutral
2026-04-28 12:58:14.005541,AppStore,It does what it says.,neutral
2026-04-28 13:01:13.996851,YouTube,I want a refund right now.,negative
2026-04-28 13:03:14.006063,Twitter,i guess it's fine for the price. 😐,neutral
2026-04-28 13:12:13.996495,Twitter,Fantastic UI update. !!,positive
2026-04-28 13:17:14.002334,YouTube,I guess it's fine for the price. 😐,neutral
2026-04-28 13:24:13.999912,Twitter,Best product I have ever bought.,positive
2026-04-28 13:31:13.992632,AppStore,I guess it's fine for the price.,neutral
2026-04-28 13:32:14.000302,Twitter,It does what it says.,neutral
2026-04-28 13:33:14.001463,Reddit,"Incredible experience, will buy again. 👍",positive
2026-04-28 13:42:13.991294,YouTube,i guess it's fine for the price. .,neutral
2026-04-28 13:42:14.002741,Reddit,Never buying from them again. 😡,negative
2026-04-28 13:42:14.004726,AppStore,"I hate the new update, it's so confusing.",negative
2026-04-28 13:45:13.995633,Reddit,average experience.,neutral
2026-04-28 13:54:13.992532,AppStore,overpriced and underdelivered.,negative
2026-04-28 13:56:13.995702,Twitter,"It works okay, nothing special. .",neutral
2026-04-28 13:57:14.000868,Reddit,Worst customer support ever.,negative
2026-04-28 14:21:13.998221,Twitter,Standard delivery time. .,neutral
2026-04-28 14:25:13.993844,Reddit,Never buying from them again.,negative
2026-04-28 14:25:14.000792,Reddit,I guess it's fine for the price. 😐,neutral
2026-04-28 14:31:14.004461,YouTube,Completely useless feature. 😡,negative
2026-04-28 14:33:13.990506,AppStore,overpriced and underdelivered.,negative
2026-04-28 14:33:14.004253,Reddit,Completely useless feature.,negative
2026-04-28 14:44:14.002255,AppStore,"It works okay, nothing special. .",neutral
2026-04-28 14:46:13.998579,Twitter,Completely useless feature. 😡,negative
2026-04-28 14:49:13.995621,YouTube,"I hate the new update, it's so confusing. 😡",negative
2026-04-28 14:49:14.004261,Reddit,great customer service. 👍,positive
2026-04-28 14:56:13.989361,AppStore,The app has been updated.,neutral
2026-04-28 14:56:14.004829,AppStore,Standard delivery time.,neutral
2026-04-28 15:00:13.993377,YouTube,The AI is hallucinating and giving wrong info. 👎,negative
2026-04-28 15:04:13.997157,YouTube,"incredible experience, will buy again.",positive
2026-04-28 15:04:13.997802,Twitter,I guess it's fine for the price. .,neutral
2026-04-28 15:10:13.990112,Twitter,"UI is different, still getting used to it.",neutral
2026-04-28 15:15:13.995449,YouTube,"UI is different, still getting used to it.",neutral
2026-04-28 15:16:13.998821,AppStore,No strong feelings about this. 😐,neutral
2026-04-28 15:28:14.003674,YouTube,Great customer service. 👍,positive
2026-04-28 15:37:13.998621,AppStore,Let's see how long this lasts.,neutral
2026-04-28 15:37:14.005791,Twitter,worst customer support ever. !?,negative
2026-04-28 15:40:14.000151,AppStore,"I hate the new update, it's so confusing. 👎",negative
2026-04-28 15:40:14.002718,Reddit,Let's see how long this lasts. .,neutral
2026-04-28 15:46:14.004287,AppStore,product arrived damaged. 😡,negative
2026-04-28 15:50:13.996250,AppStore,No strong feelings about this. 😐,neutral
2026-04-28 15:59:14.003754,YouTube,"It works okay, nothing special. 😐",neutral
2026-04-28 16:09:14.004372,Reddit,i guess it's fine for the price.,neutral
2026-04-28 16:20:13.998035,Reddit,Never buying from them again. !?,negative
2026-04-28 16:24:13.990679,Twitter,let's see how long this lasts. 😐,neutral
2026-04-28 16:30:13.989398,YouTube,Just received my package. 😐,neutral
2026-04-28 16:35:14.002306,AppStore,Delivery was delayed by 3 days. !?,negative
2026-04-28 16:39:13.991200,Reddit,Standard delivery time.,neutral
2026-04-28 16:41:14.001099,AppStore,Delivery was delayed by 3 days. 👎,negative
2026-04-28 16:45:13.999335,Twitter,"Incredible experience, will buy again. 😊",positive
2026-04-28 16:47:13.993482,Reddit,"It works okay, nothing special.",neutral
2026-04-28 16:49:13.999591,Twitter,Just received my package. 😐,neutral
2026-04-28 16:53:13.996985,YouTube,Best product I have ever bought. !!,positive
2026-04-28 16:54:14.002654,YouTube,"Terrible experience, my app keeps crashing. 👎",negative
2026-04-28 16:55:13.992815,YouTube,Never buying from them again. !?,negative
2026-04-28 16:55:13.993645,Reddit,"Terrible experience, my app keeps crashing.",negative
2026-04-28 16:58:14.003609,Twitter,"The delivery was super fast, highly recommend. 😊",positive
2026-04-28 17:08:13.997208,Reddit,so happy with the quality.,positive
2026-04-28 17:17:13.999883,Twitter,Let's see how long this lasts.,neutral
2026-04-28 17:20:13.994252,YouTube,great customer service.,positive
2026-04-28 17:22:13.994609,YouTube,Standard delivery time. 😐,neutral
2026-04-28 17:27:14.005014,Reddit,"terrible experience, my app keeps crashing. !?",negative
2026-04-28 17:35:13.990842,Twitter,Product arrived damaged. !?,negative
2026-04-28 17:42:13.992696,YouTube,Delivery was delayed by 3 days. !?,negative
2026-04-28 17:56:13.997286,YouTube,Average experience.,neutral
2026-04-28 17:58:14.000374,Reddit,Best product I have ever bought. 👍,positive
2026-04-28 17:59:14.000882,YouTube,I guess it's fine for the price.,neutral
2026-04-28 18:04:13.991533,YouTube,"UI is different, still getting used to it. 😐",neutral
2026-04-28 18:04:14.004775,Twitter,Great customer service. 👍,positive
2026-04-28 18:07:13.991519,Twitter,absolutely love this new feature! !!,positive
2026-04-28 18:20:13.992972,YouTube,Fantastic UI update.,positive
2026-04-28 18:28:14.004679,YouTube,The app has been updated.,neutral
2026-04-28 18:31:13.993582,Twitter,"It works okay, nothing special.",neutral
2026-04-28 18:36:13.991936,Reddit,The AI is hallucinating and giving wrong info.,negative
2026-04-28 18:41:14.005955,Reddit,Standard delivery time. 😐,neutral
2026-04-28 18:52:13.999447,Reddit,"It works okay, nothing special.",neutral
2026-04-28 18:59:13.989664,Reddit,Delivery was delayed by 3 days. 👎,negative
2026-04-28 19:00:13.997405,YouTube,Absolutely love this new feature!,positive
2026-04-28 19:01:13.989573,YouTube,Worst customer support ever. 👎,negative
2026-04-28 19:16:14.005692,AppStore,It does what it says. 😐,neutral
2026-04-28 19:18:13.999896,Twitter,let's see how long this lasts. 😐,neutral
2026-04-28 19:30:13.991137,AppStore,Worst customer support ever. 👎,negative
2026-04-28 19:49:13.993021,YouTube,Never buying from them again. 👎,negative
2026-04-28 19:55:13.991781,Reddit,"UI is different, still getting used to it.",neutral
2026-04-28 19:55:13.992122,YouTube,Fantastic UI update.,positive
2026-04-28 19:59:13.994067,Twitter,No strong feelings about this.,neutral
2026-04-28 20:01:13.995910,Twitter,Average experience. 😐,neutral
2026-04-28 20:09:14.001959,Reddit,It does what it says. .,neutral
2026-04-28 20:14:14.001727,AppStore,Great customer service. !!,positive
2026-04-28 20:30:14.002564,AppStore,The AI recommendations are spot on. 😊,positive
2026-04-28 20:35:13.993135,Reddit,the ai is hallucinating and giving wrong info. 👎,negative
2026-04-28 20:43:13.993837,Twitter,Overpriced and underdelivered.,negative
2026-04-28 20:48:14.002059,YouTube,Just received my package.,neutral
2026-04-28 20:52:13.997937,AppStore,They really outdid themselves this time. 😊,positive
2026-04-28 20:57:13.989981,YouTube,So happy with the quality. 👍,positive
2026-04-28 20:58:13.997781,Reddit,"incredible experience, will buy again.",positive
2026-04-28 21:04:13.989523,Reddit,standard delivery time. 😐,neutral
2026-04-28 21:10:14.001449,YouTube,"I hate the new update, it's so confusing. 👎",negative
2026-04-28 21:15:13.991394,AppStore,It does what it says.,neutral
2026-04-28 21:18:13.992510,Twitter,Great customer service. 😊,positive
2026-04-28 21:23:13.990294,AppStore,Completely useless feature. 😡,negative
2026-04-28 21:27:14.003776,Reddit,"The delivery was super fast, highly recommend. !!",positive
2026-04-28 21:34:13.994879,AppStore,Overpriced and underdelivered.,negative
2026-04-28 21:37:13.995956,Twitter,It does what it says. 😐,neutral
2026-04-28 21:37:14.000360,Reddit,Never buying from them again. 👎,negative
2026-04-28 21:40:13.993286,YouTube,Let's see how long this lasts. 😐,neutral
2026-04-28 21:42:13.998980,AppStore,No strong feelings about this. 😐,neutral
2026-04-28 21:56:14.003844,YouTube,Let's see how long this lasts. 😐,neutral
2026-04-28 22:15:13.997384,YouTube,No strong feelings about this.,neutral
2026-04-28 22:18:14.005775,AppStore,Standard delivery time. .,neutral
2026-04-28 22:22:13.995341,Twitter,"It works okay, nothing special.",neutral
2026-04-28 22:27:13.992668,AppStore,i want a refund right now. !?,negative
2026-04-28 22:29:13.992843,YouTube,Worst customer support ever. !?,negative
2026-04-28 22:36:14.003091,AppStore,absolutely love this new feature! 😊,positive
2026-04-28 22:45:13.991628,Twitter,The AI is hallucinating and giving wrong info. !?,negative
2026-04-28 22:59:13.993085,Reddit,Product arrived damaged. 😡,negative
2026-04-28 22:59:14.001406,Twitter,Just received my package. 😐,neutral
2026-04-28 23:08:14.003968,Reddit,it does what it says.,neutral
2026-04-28 23:12:14.001386,Twitter,Fantastic UI update.,positive
2026-04-28 23:23:13.992560,Reddit,So happy with the quality.,positive
2026-04-28 23:27:13.996052,Twitter,Great customer service. 👍,positive
2026-04-28 23:36:13.993225,YouTube,Absolutely love this new feature! 😊,positive
2026-04-28 23:48:13.993164,Reddit,The AI recommendations are spot on.,positive
2026-04-28 23:53:13.996890,AppStore,Overpriced and underdelivered.,negative
2026-04-28 23:54:13.992625,Reddit,"It works okay, nothing special. .",neutral
2026-04-28 23:58:14.001491,Twitter,"It works okay, nothing special. .",neutral
2026-04-28 23:59:14.004150,Twitter,"Terrible experience, my app keeps crashing.",negative
2026-04-29 00:08:13.997464,Reddit,So happy with the quality. 👍,positive
2026-04-29 00:17:14.001234,AppStore,Average experience. 😐,neutral
2026-04-29 00:37:13.998964,Twitter,fantastic ui update. 😊,positive
2026-04-29 00:38:13.992237,YouTube,completely useless feature. 😡,negative
2026-04-29 00:40:13.999299,AppStore,I guess it's fine for the price. 😐,neutral
2026-04-29 00:44:14.001911,Twitter,"It works okay, nothing special.",neutral
2026-04-29 00:49:14.001371,AppStore,They really outdid themselves this time. !!,positive
2026-04-29 01:01:13.989901,Reddit,"Incredible experience, will buy again.",positive
2026-04-29 01:10:13.990198,Twitter,Best product I have ever bought. !!,positive
2026-04-29 01:22:13.990135,Reddit,"ui is different, still getting used to it. 😐",neutral
2026-04-29 01:24:13.993475,Reddit,average experience. .,neutral
2026-04-29 01:29:13.990739,AppStore,Delivery was delayed by 3 days. !?,negative
2026-04-29 01:29:13.997559,YouTube,"Incredible experience, will buy again. !!",positive
2026-04-29 01:38:14.000316,Reddit,The AI recommendations are spot on. !!,positive
2026-04-29 01:40:13.998074,AppStore,Average experience. 😐,neutral
2026-04-29 01:43:13.990345,AppStore,It does what it says.,neutral
2026-04-29 01:58:13.996876,YouTube,absolutely love this new feature! !!,positive
2026-04-29 02:01:13.990033,YouTube,Just received my package. 😐,neutral
2026-04-29 02:15:13.991418,YouTube,"Incredible experience, will buy again.",positive
2026-04-29 02:15:13.997909,Reddit,5 stars! Excellent work. 😊,positive
2026-04-29 02:18:13.991846,AppStore,Completely useless feature. 😡,negative
2026-04-29 02:19:13.991058,Reddit,The app has been updated. 😐,neutral
2026-04-29 02:21:13.998878,YouTube,Worst customer support ever. 👎,negative
2026-04-29 02:33:13.989439,YouTube,I want a refund right now. 👎,negative
2026-04-29 02:33:13.998058,AppStore,the ai recommendations are spot on.,positive
2026-04-29 02:38:13.996484,Twitter,Worst customer support ever. !?,negative
2026-04-29 02:42:14.005411,Reddit,I guess it's fine for the price. 😐,neutral
2026-04-29 02:43:13.992965,Reddit,Just received my package. 😐,neutral
2026-04-29 02:44:13.994993,Twitter,I want a refund right now.,negative
2026-04-29 02:47:13.994281,YouTube,Fantastic UI update. 👍,positive
2026-04-29 02:58:13.994289,Reddit,Standard delivery time.,neutral
2026-04-29 03:04:14.001335,AppStore,Best product I have ever bought. 👍,positive
2026-04-29 03:06:13.991470,Twitter,"the delivery was super fast, highly recommend. 👍",positive
2026-04-29 03:07:13.990813,YouTube,let's see how long this lasts. .,neutral
2026-04-29 03:19:14.003806,Twitter,average experience. .,neutral
2026-04-29 03:20:13.997675,AppStore,Completely useless feature. !?,negative
2026-04-29 03:21:13.990930,YouTube,"It works okay, nothing special.",neutral
2026-04-29 03:27:13.997412,Reddit,it does what it says.,neutral
2026-04-29 03:28:14.001872,Twitter,5 stars! excellent work. 😊,positive
2026-04-29 03:34:14.002607,AppStore,Best product I have ever bought. 👍,positive
2026-04-29 03:38:13.995097,YouTube,"Terrible experience, my app keeps crashing.",negative
2026-04-29 03:54:13.996897,Twitter,Just received my package. .,neutral
2026-04-29 03:55:13.998899,YouTube,No strong feelings about this. .,neutral
2026-04-29 03:55:14.001470,AppStore,Fantastic UI update. 😊,positive
2026-04-29 03:55:14.002141,YouTube,Worst customer support ever. 👎,negative
2026-04-29 03:56:14.001033,Twitter,"Incredible experience, will buy again. 😊",positive
2026-04-29 03:58:13.999570,Reddit,Completely useless feature. 👎,negative
2026-04-29 04:00:13.999972,YouTube,The AI recommendations are spot on.,positive
2026-04-29 04:04:13.993880,AppStore,No strong feelings about this. 😐,neutral
2026-04-29 04:05:14.000295,YouTube,The app has been updated. 😐,neutral
2026-04-29 04:05:14.005768,YouTube,Absolutely love this new feature! !!,positive
2026-04-29 04:09:13.997519,YouTube,the app has been updated.,neutral
2026-04-29 04:09:14.001217,Reddit,They really outdid themselves this time. !!,positive
2026-04-29 04:10:14.004453,YouTube,Fantastic UI update. 😊,positive
2026-04-29 04:15:13.989389,AppStore,"It works okay, nothing special.",neutral
2026-04-29 04:16:13.993100,AppStore,It does what it says. .,neutral
2026-04-29 04:20:13.992216,AppStore,completely useless feature.,negative
2026-04-29 04:20:14.003814,AppStore,Best product I have ever bought. !!,positive
2026-04-29 04:26:13.997355,AppStore,The AI recommendations are spot on. 👍,positive
2026-04-29 04:29:13.992949,Reddit,Standard delivery time.,neutral
2026-04-29 04:32:13.998770,Twitter,Product arrived damaged.,negative
2026-04-29 04:32:13.999103,Reddit,Let's see how long this lasts.,neutral
2026-04-29 04:36:13.992101,Twitter,They really outdid themselves this time. !!,positive
2026-04-29 04:47:13.997433,Reddit,Delivery was delayed by 3 days. 😡,negative
2026-04-29 04:48:13.997603,Twitter,Fantastic UI update. 👍,positive
2026-04-29 04:50:14.000932,Reddit,"Incredible experience, will buy again.",positive
2026-04-29 04:55:13.991725,AppStore,I guess it's fine for the price. .,neutral
2026-04-29 04:55:13.996124,Twitter,"It works okay, nothing special. .",neutral
2026-04-29 05:02:14.002289,Reddit,"it works okay, nothing special.",neutral
2026-04-29 05:12:14.000904,Reddit,Worst customer support ever. 😡,negative
2026-04-29 05:14:13.994154,Twitter,Never buying from them again. 👎,negative
2026-04-29 05:14:13.999754,AppStore,"The delivery was super fast, highly recommend.",positive
2026-04-29 05:17:14.000055,AppStore,The AI recommendations are spot on.,positive
2026-04-29 05:18:14.004806,AppStore,Standard delivery time. 😐,neutral
2026-04-29 05:24:13.997293,YouTube,Product arrived damaged. 😡,negative
2026-04-29 05:26:13.998305,YouTube,I guess it's fine for the price.,neutral
2026-04-29 05:30:14.003371,Twitter,Worst customer support ever. 😡,negative
2026-04-29 05:39:13.998418,Reddit,"Incredible experience, will buy again. 👍",positive
2026-04-29 05:40:13.991929,AppStore,Best product I have ever bought.,positive
2026-04-29 05:43:13.990987,Reddit,let's see how long this lasts. .,neutral
2026-04-29 05:45:14.003961,AppStore,Average experience. 😐,neutral
2026-04-29 05:46:14.003299,AppStore,Average experience.,neutral
2026-04-29 05:47:13.991085,YouTube,The AI is hallucinating and giving wrong info. 😡,negative
2026-04-29 05:51:13.991979,YouTube,"UI is different, still getting used to it.",neutral
2026-04-29 05:56:14.004530,AppStore,I guess it's fine for the price. 😐,neutral
2026-04-29 05:59:13.998499,AppStore,Absolutely love this new feature! !!,positive
2026-04-29 06:11:13.990607,Reddit,so happy with the quality. !!,positive
2026-04-29 06:17:13.997391,YouTube,I guess it's fine for the price.,neutral
2026-04-29 06:19:13.993000,Reddit,Fantastic UI update.,positive
2026-04-29 06:20:13.991795,Twitter,i want a refund right now. !?,negative
2026-04-29 06:34:13.997092,AppStore,Best product I have ever bought. 👍,positive
2026-04-29 06:37:13.997237,AppStore,The AI is hallucinating and giving wrong info. !?,negative
2026-04-29 06:38:13.990586,AppStore,No strong feelings about this.,neutral
2026-04-29 06:39:13.997596,Twitter,completely useless feature. 👎,negative
2026-04-29 06:44:13.998120,YouTube,Completely useless feature.,negative
2026-04-29 06:49:13.990061,AppStore,Never buying from them again.,negative
2026-04-29 06:49:14.000208,Twitter,Average experience. 😐,neutral
2026-04-29 06:50:14.004624,AppStore,Just received my package. 😐,neutral
2026-04-29 06:51:13.990163,Reddit,They really outdid themselves this time.,positive
2026-04-29 07:17:14.000800,YouTube,Average experience.,neutral
2026-04-29 07:33:13.990040,AppStore,Let's see how long this lasts.,neutral
2026-04-29 07:36:14.000821,Reddit,5 stars! Excellent work. 😊,positive
2026-04-29 07:38:14.003308,YouTube,Delivery was delayed by 3 days. 👎,negative
2026-04-29 07:43:14.001135,Twitter,they really outdid themselves this time. 😊,positive
2026-04-29 07:45:14.005812,Twitter,Great customer service. 👍,positive
2026-04-29 07:49:13.998104,Reddit,Delivery was delayed by 3 days. 😡,negative
2026-04-29 07:50:13.992754,AppStore,Just received my package.,neutral
2026-04-29 07:53:13.995573,Reddit,absolutely love this new feature!,positive
2026-04-29 08:11:13.989759,AppStore,"It works okay, nothing special. .",neutral
2026-04-29 08:19:13.993462,AppStore,great customer service. 😊,positive
2026-04-29 08:22:14.004316,Twitter,Average experience. 😐,neutral
2026-04-29 08:28:13.993142,YouTube,the ai recommendations are spot on.,positive
2026-04-29 08:31:14.001664,Twitter,I want a refund right now. 👎,negative
2026-04-29 08:34:13.990191,YouTube,so happy with the quality.,positive
2026-04-29 08:34:14.001042,AppStore,Delivery was delayed by 3 days. !?,negative
2026-04-29 08:38:13.990804,AppStore,best product i have ever bought. 😊,positive
2026-04-29 08:41:13.989841,YouTube,They really outdid themselves this time. 👍,positive
2026-04-29 08:44:13.991767,YouTube,Product arrived damaged. 👎,negative
2026-04-29 08:53:14.002038,Twitter,The app has been updated. 😐,neutral
2026-04-29 09:01:13.992066,YouTube,Let's see how long this lasts. .,neutral
2026-04-29 09:03:14.000676,AppStore,"i hate the new update, it's so confusing.",negative
2026-04-29 09:05:13.989702,AppStore,Product arrived damaged. 😡,negative
2026-04-29 09:17:13.999768,Reddit,It does what it says. 😐,neutral
2026-04-29 09:22:14.001276,YouTube,i guess it's fine for the price. .,neutral
2026-04-29 09:24:13.998784,AppStore,No strong feelings about this. 😐,neutral
2026-04-29 09:28:14.000777,AppStore,"terrible experience, my app keeps crashing. 😡",negative
2026-04-29 09:39:13.993943,YouTube,best product i have ever bought. !!,positive
2026-04-29 09:45:13.993794,Twitter,Average experience. .,neutral
2026-04-29 09:46:14.001555,YouTube,"The delivery was super fast, highly recommend. 👍",positive
2026-04-29 09:49:13.998136,Reddit,"It works okay, nothing special.",neutral
2026-04-29 09:55:13.995375,YouTube,they really outdid themselves this time. 😊,positive
2026-04-29 09:56:13.995500,Reddit,Overpriced and underdelivered. 😡,negative
2026-04-29 10:03:13.998485,AppStore,Just received my package. 😐,neutral
2026-04-29 10:05:14.001442,YouTube,5 stars! Excellent work.,positive
2026-04-29 10:23:13.997107,Twitter,"UI is different, still getting used to it. 😐",neutral
2026-04-29 10:44:13.999426,AppStore,product arrived damaged. 👎,negative
2026-04-29 11:00:14.005328,YouTube,"The delivery was super fast, highly recommend.",positive
2026-04-29 11:19:13.989622,Twitter,It does what it says. 😐,neutral
2026-04-29 11:20:14.004431,Reddit,"Incredible experience, will buy again. 👍",positive
2026-04-29 11:26:13.993901,Reddit,The app has been updated. .,neutral
2026-04-29 11:29:14.002573,AppStore,The AI is hallucinating and giving wrong info. 😡,negative
2026-04-29 11:32:14.005136,AppStore,Delivery was delayed by 3 days. !?,negative
2026-04-29 11:35:13.991788,AppStore,They really outdid themselves this time. 😊,positive
2026-04-29 11:35:13.995898,Reddit,they really outdid themselves this time. 😊,positive
2026-04-29 11:40:14.000697,YouTube,Fantastic UI update.,positive
2026-04-29 11:50:14.002614,Twitter,Completely useless feature.,negative
2026-04-29 11:53:13.999833,Reddit,Best product I have ever bought. 😊,positive
2026-04-29 11:56:13.990746,AppStore,The AI recommendations are spot on. 👍,positive
2026-04-29 11:56:13.993823,YouTube,best product i have ever bought.,positive
2026-04-29 12:02:14.005979,Twitter,The AI recommendations are spot on.,positive
2026-04-29 12:03:14.003768,Reddit,Best product I have ever bought.,positive
2026-04-29 12:16:14.001953,Reddit,Just received my package. 😐,neutral
2026-04-29 12:17:13.997142,Reddit,Worst customer support ever. !?,negative
2026-04-29 12:17:13.997668,AppStore,The AI recommendations are spot on. !!,positive
2026-04-29 12:24:14.004099,Twitter,"it works okay, nothing special. 😐",neutral
2026-04-29 12:47:13.992880,Twitter,Standard delivery time. 😐,neutral
2026-04-29 12:50:13.993908,Reddit,delivery was delayed by 3 days. 😡,negative
2026-04-29 13:04:14.005601,YouTube,Completely useless feature. 😡,negative
2026-04-29 13:06:13.990563,AppStore,Delivery was delayed by 3 days. 😡,negative
2026-04-29 13:27:14.005177,Twitter,5 stars! Excellent work. 👍,positive
2026-04-29 13:28:13.994852,Twitter,"UI is different, still getting used to it.",neutral
2026-04-29 13:28:14.004198,Twitter,Product arrived damaged. 😡,negative
2026-04-29 13:47:13.992661,Twitter,Just received my package. 😐,neutral
2026-04-29 13:49:13.991957,Reddit,5 stars! Excellent work. !!,positive
2026-04-29 13:55:13.992195,AppStore,Never buying from them again. 👎,negative
2026-04-29 14:12:13.997485,AppStore,No strong feelings about this. .,neutral
2026-04-29 14:18:13.992280,YouTube,Product arrived damaged. 👎,negative
2026-04-29 14:19:13.990542,Twitter,"Incredible experience, will buy again. 😊",positive
2026-04-29 14:27:14.003992,AppStore,Standard delivery time.,neutral
2026-04-29 14:33:13.998956,Reddit,I want a refund right now.,negative
2026-04-29 14:33:14.001918,AppStore,"It works okay, nothing special. .",neutral
2026-04-29 14:46:13.989565,YouTube,Just received my package. 😐,neutral
2026-04-29 14:46:13.992410,Twitter,worst customer support ever. 😡,negative
2026-04-29 14:53:13.995809,YouTube,The AI is hallucinating and giving wrong info. 👎,negative
2026-04-29 15:04:14.003272,AppStore,5 stars! excellent work. !!,positive
2026-04-29 15:10:13.989613,Twitter,"The delivery was super fast, highly recommend. 👍",positive
2026-04-29 15:12:13.996599,AppStore,Best product I have ever bought.,positive
2026-04-29 15:17:14.003876,AppStore,Fantastic UI update.,positive
2026-04-29 15:19:14.003829,Reddit,"It works okay, nothing special.",neutral
2026-04-29 15:20:13.993895,Twitter,I want a refund right now.,negative
2026-04-29 15:23:13.998066,YouTube,Great customer service. 👍,positive
2026-04-29 15:25:13.996904,YouTube,Best product I have ever bought. 👍,positive
2026-04-29 15:27:14.005753,AppStore,i want a refund right now. 👎,negative
2026-04-29 15:33:13.992688,Reddit,i guess it's fine for the price.,neutral
2026-04-29 15:36:14.000526,Reddit,worst customer support ever.,negative
2026-04-29 15:38:13.997866,YouTube,Average experience. .,neutral
2026-04-29 15:39:13.996238,YouTube,So happy with the quality. 👍,positive
2026-04-29 15:40:14.001527,Reddit,so happy with the quality.,positive
2026-04-29 15:42:13.996837,YouTube,delivery was delayed by 3 days.,negative
2026-04-29 15:44:14.005097,Twitter,product arrived damaged.,negative
2026-04-29 15:46:13.989938,AppStore,I want a refund right now. 👎,negative
2026-04-29 15:51:13.992986,Reddit,The app has been updated.,neutral
2026-04-29 15:57:13.990820,AppStore,Product arrived damaged. 👎,negative
2026-04-29 16:04:14.003699,Twitter,"The delivery was super fast, highly recommend. 😊",positive
2026-04-29 16:07:13.999535,YouTube,The AI recommendations are spot on. 😊,positive
2026-04-29 16:09:13.991386,AppStore,No strong feelings about this.,neutral
2026-04-29 16:14:13.990650,Reddit,no strong feelings about this.,neutral
2026-04-29 16:14:13.997724,YouTube,Delivery was delayed by 3 days. 😡,negative
2026-04-29 16:27:13.999462,Twitter,product arrived damaged. 😡,negative
2026-04-29 16:28:14.001813,YouTube,product arrived damaged. 👎,negative
2026-04-29 16:29:13.997993,YouTube,It does what it says. 😐,neutral
2026-04-29 16:33:13.999993,Reddit,"The delivery was super fast, highly recommend. !!",positive
2026-04-29 16:36:13.992914,YouTube,Never buying from them again. 👎,negative
2026-04-29 16:50:14.001980,Reddit,Overpriced and underdelivered.,negative
2026-04-29 16:56:13.990011,Twitter,No strong feelings about this. 😐,neutral
2026-04-29 17:00:13.996101,YouTube,"It works okay, nothing special.",neutral
2026-04-29 17:01:13.997477,AppStore,It does what it says.,neutral
2026-04-29 17:13:13.992166,Reddit,"Incredible experience, will buy again. 😊",positive
2026-04-29 17:24:14.004633,Twitter,"It works okay, nothing special. .",neutral
2026-04-29 17:27:14.001626,AppStore,"Terrible experience, my app keeps crashing. 😡",negative
2026-04-29 17:36:14.001255,Reddit,"Incredible experience, will buy again. 👍",positive
2026-04-29 17:45:13.997491,Reddit,"Incredible experience, will buy again. 👍",positive
2026-04-29 17:47:14.000606,Reddit,So happy with the quality. !!,positive
2026-04-29 18:01:14.005006,Twitter,Delivery was delayed by 3 days. 😡,negative
2026-04-29 18:03:14.005336,YouTube,Great customer service. 😊,positive
2026-04-29 18:12:13.993524,Twitter,Fantastic UI update. 😊,positive
2026-04-29 18:13:14.002003,Reddit,"i hate the new update, it's so confusing. 😡",negative
2026-04-29 18:23:14.005563,Twitter,the ai is hallucinating and giving wrong info. 👎,negative
2026-04-29 18:24:13.993070,Twitter,Never buying from them again.,negative
2026-04-29 18:33:14.004214,AppStore,Worst customer support ever.,negative
2026-04-29 18:42:13.992502,Twitter,Best product I have ever bought.,positive
2026-04-29 18:53:14.005827,YouTube,Delivery was delayed by 3 days. 😡,negative
2026-04-29 18:57:13.996530,AppStore,Great customer service.,positive
2026-04-29 19:00:13.998519,YouTube,"Terrible experience, my app keeps crashing.",negative
2026-04-29 19:25:13.999700,AppStore,So happy with the quality. 😊,positive
2026-04-29 19:28:14.001305,YouTube,The app has been updated. 😐,neutral
2026-04-29 19:32:13.997844,YouTube,No strong feelings about this. 😐,neutral
2026-04-29 19:42:13.995017,YouTube,Completely useless feature. 👎,negative
2026-04-29 19:43:14.005321,AppStore,"incredible experience, will buy again.",positive
2026-04-29 19:45:13.996883,Reddit,Just received my package.,neutral
2026-04-29 19:54:13.994618,Reddit,it does what it says. .,neutral
2026-04-29 19:57:13.992252,AppStore,great customer service. 😊,positive
2026-04-29 19:58:13.990513,Reddit,just received my package.,neutral
2026-04-29 20:05:14.005616,Twitter,Standard delivery time. 😐,neutral
2026-04-29 20:07:13.993391,Twitter,No strong feelings about this. .,neutral
2026-04-29 20:09:13.998175,AppStore,Completely useless feature.,negative
2026-04-29 20:12:14.004718,AppStore,"It works okay, nothing special. 😐",neutral
2026-04-29 20:19:14.006018,Reddit,they really outdid themselves this time. 👍,positive
2026-04-29 20:25:13.990671,YouTube,5 stars! Excellent work. 👍,positive
2026-04-29 20:27:13.995059,AppStore,The AI recommendations are spot on. 👍,positive
2026-04-29 20:32:14.003657,Twitter,"the delivery was super fast, highly recommend. 😊",positive
2026-04-29 20:32:14.005448,Twitter,"I hate the new update, it's so confusing. 👎",negative
2026-04-29 20:36:13.993121,AppStore,I guess it's fine for the price. .,neutral
2026-04-29 20:41:13.990614,Twitter,"It works okay, nothing special. .",neutral
2026-04-29 20:42:13.999197,YouTube,5 stars! Excellent work. !!,positive
2026-04-29 20:42:14.000405,AppStore,5 stars! excellent work. !!,positive
2026-04-29 20:55:13.993063,Reddit,"UI is different, still getting used to it. 😐",neutral
2026-04-29 20:57:13.992174,Twitter,No strong feelings about this. .,neutral
2026-04-29 20:59:13.991664,AppStore,Worst customer support ever. !?,negative
2026-04-29 21:06:13.995510,Twitter,They really outdid themselves this time. 😊,positive
2026-04-29 21:08:13.991073,Reddit,overpriced and underdelivered. 😡,negative
2026-04-29 21:16:13.989974,Twitter,Worst customer support ever. !?,negative
2026-04-29 21:17:13.991490,Twitter,"I hate the new update, it's so confusing. 😡",negative
2026-04-29 21:18:14.005382,YouTube,completely useless feature. !?,negative
2026-04-29 21:19:13.993744,YouTube,Absolutely love this new feature! !!,positive
2026-04-29 21:27:13.991739,Reddit,Overpriced and underdelivered. 👎,negative
2026-04-29 21:38:13.992129,YouTube,Let's see how long this lasts. .,neutral
2026-04-29 21:44:14.005314,YouTube,No strong feelings about this. 😐,neutral
2026-04-29 22:20:13.998251,Twitter,Delivery was delayed by 3 days. !?,negative
2026-04-29 22:21:13.990287,Twitter,Product arrived damaged.,negative
2026-04-29 22:26:13.993496,YouTube,The AI is hallucinating and giving wrong info.,negative
2026-04-29 22:28:14.002592,YouTube,"Terrible experience, my app keeps crashing. 😡",negative
2026-04-29 22:32:13.994670,Reddit,Let's see how long this lasts. 😐,neutral
2026-04-29 22:42:13.991746,YouTube,"Incredible experience, will buy again. 👍",positive
2026-04-29 22:44:13.999307,Reddit,"It works okay, nothing special.",neutral
2026-04-29 22:46:13.992851,YouTube,let's see how long this lasts. 😐,neutral
2026-04-29 22:47:13.997513,AppStore,"I hate the new update, it's so confusing. 👎",negative
2026-04-29 22:48:13.994019,YouTube,"The delivery was super fast, highly recommend. 👍",positive
2026-04-29 22:51:13.998869,YouTube,Product arrived damaged. 😡,negative
2026-04-29 23:01:13.995366,Reddit,Just received my package.,neutral
2026-04-29 23:05:13.990439,Reddit,It does what it says. .,neutral
2026-04-29 23:06:13.997717,Twitter,"incredible experience, will buy again.",positive
2026-04-29 23:11:13.994040,Reddit,The app has been updated. 😐,neutral
2026-04-29 23:15:13.993179,YouTube,it does what it says. 😐,neutral
2026-04-29 23:15:13.996823,AppStore,Great customer service. 😊,positive
2026-04-29 23:19:13.992747,YouTube,"The delivery was super fast, highly recommend. 😊",positive
2026-04-29 23:25:14.003283,AppStore,Best product I have ever bought. !!,positive
2026-04-29 23:29:13.997215,Reddit,"UI is different, still getting used to it.",neutral
2026-04-29 23:38:14.004438,YouTube,"The delivery was super fast, highly recommend. 👍",positive
2026-04-29 23:39:13.993737,AppStore,it does what it says. .,neutral
2026-04-29 23:40:13.992378,Reddit,Never buying from them again. 😡,negative
2026-04-29 23:42:14.000420,YouTube,i want a refund right now. 😡,negative
2026-04-29 23:48:14.001657,Reddit,Delivery was delayed by 3 days. !?,negative
2026-04-29 23:51:14.003891,YouTube,Average experience. .,neutral
2026-04-29 23:58:13.994174,YouTube,Just received my package.,neutral
2026-04-29 23:59:14.001283,Reddit,Delivery was delayed by 3 days.,negative
2026-04-30 00:05:13.995689,AppStore,Worst customer support ever. 😡,negative
2026-04-30 00:12:13.990207,Reddit,Best product I have ever bought. 👍,positive
2026-04-30 00:14:14.000434,Reddit,"it works okay, nothing special. 😐",neutral
2026-04-30 00:26:14.002186,Reddit,Best product I have ever bought. 😊,positive
2026-04-30 00:30:13.994196,Twitter,Great customer service. 👍,positive
2026-04-30 00:30:14.000179,AppStore,The AI recommendations are spot on. 👍,positive
2026-04-30 00:33:14.002702,Twitter,They really outdid themselves this time. 😊,positive
2026-04-30 00:34:14.002767,AppStore,The AI recommendations are spot on. 😊,positive
2026-04-30 00:35:13.997895,AppStore,Fantastic UI update. !!,positive
2026-04-30 00:36:14.002095,Reddit,Average experience. .,neutral
2026-04-30 00:42:14.002623,YouTube,"It works okay, nothing special. 😐",neutral
2026-04-30 00:51:13.999010,Reddit,"UI is different, still getting used to it. .",neutral
2026-04-30 01:00:13.993625,AppStore,"Incredible experience, will buy again. 😊",positive
2026-04-30 01:04:13.989631,Twitter,Fantastic UI update. 👍,positive
2026-04-30 01:04:13.993957,YouTube,Standard delivery time. 😐,neutral
2026-04-30 01:06:13.995644,AppStore,So happy with the quality.,positive
2026-04-30 01:06:13.997307,YouTube,Never buying from them again.,negative
2026-04-30 01:08:13.993970,Twitter,Just received my package.,neutral
2026-04-30 01:09:13.990229,YouTube,Worst customer support ever. 😡,negative
2026-04-30 01:15:13.993314,Twitter,I guess it's fine for the price. 😐,neutral
2026-04-30 01:17:13.991562,YouTube,The AI recommendations are spot on.,positive
2026-04-30 01:18:13.992718,Reddit,The app has been updated. 😐,neutral
2026-04-30 01:21:13.989848,YouTube,Let's see how long this lasts. 😐,neutral
2026-04-30 01:30:14.003348,AppStore,No strong feelings about this. .,neutral
2026-04-30 01:34:14.001365,YouTube,Fantastic UI update. !!,positive
2026-04-30 01:48:13.996518,Twitter,great customer service. 👍,positive
2026-04-30 01:50:13.998565,Twitter,product arrived damaged. 👎,negative
2026-04-30 01:54:14.001641,Twitter,Delivery was delayed by 3 days. 😡,negative
2026-04-30 02:01:13.989316,Twitter,5 stars! Excellent work. 👍,positive
2026-04-30 02:04:14.001241,Reddit,i guess it's fine for the price.,neutral
2026-04-30 02:07:13.999505,Twitter,Just received my package. 😐,neutral
2026-04-30 02:18:13.990455,YouTube,I want a refund right now. !?,negative
2026-04-30 02:22:13.991571,Twitter,Best product I have ever bought. !!,positive
2026-04-30 02:27:13.991555,YouTube,Product arrived damaged.,negative
2026-04-30 02:29:14.000120,YouTube,5 stars! excellent work.,positive
2026-04-30 02:35:13.993936,Reddit,Delivery was delayed by 3 days.,negative
2026-04-30 02:42:14.001049,AppStore,"incredible experience, will buy again. 👍",positive
2026-04-30 02:43:14.000274,YouTube,Worst customer support ever. !?,negative
2026-04-30 02:46:13.992640,Twitter,"I hate the new update, it's so confusing. 😡",negative
2026-04-30 02:49:14.005259,AppStore,It does what it says. .,neutral
2026-04-30 02:51:13.999720,Reddit,The app has been updated.,neutral
2026-04-30 02:59:13.990556,Reddit,Just received my package. 😐,neutral
2026-04-30 02:59:13.992474,Reddit,Worst customer support ever. 👎,negative
2026-04-30 03:05:13.998440,Twitter,The app has been updated. .,neutral
2026-04-30 03:06:13.994260,Reddit,"UI is different, still getting used to it.",neutral
2026-04-30 03:11:13.997773,Reddit,overpriced and underdelivered.,negative
2026-04-30 03:12:14.000669,Twitter,Completely useless feature. 😡,negative
2026-04-30 03:16:13.989995,AppStore,Great customer service. !!,positive
2026-04-30 03:20:14.004007,AppStore,Overpriced and underdelivered. 😡,negative
2026-04-30 03:22:14.000814,Reddit,Product arrived damaged. 😡,negative
2026-04-30 03:24:14.002527,YouTube,"The delivery was super fast, highly recommend. !!",positive
2026-04-30 03:29:13.991853,AppStore,"I hate the new update, it's so confusing.",negative
2026-04-30 03:30:13.991319,AppStore,Let's see how long this lasts.,neutral
2026-04-30 03:30:13.993149,AppStore,Best product I have ever bought.,positive
2026-04-30 03:34:14.000353,Reddit,Absolutely love this new feature!,positive
2026-04-30 03:37:14.004118,Reddit,I guess it's fine for the price. .,neutral
2026-04-30 03:39:13.999598,YouTube,5 stars! Excellent work. 👍,positive
2026-04-30 03:41:13.996227,Reddit,Never buying from them again.,negative
2026-04-30 04:02:13.993984,YouTube,Standard delivery time. .,neutral
2026-04-30 04:03:14.004494,Twitter,Worst customer support ever. 👎,negative
2026-04-30 04:04:13.989263,Reddit,"I hate the new update, it's so confusing. 😡",negative
2026-04-30 04:08:13.995357,YouTube,The AI recommendations are spot on.,positive
2026-04-30 04:11:14.001685,Twitter,Completely useless feature. 😡,negative
2026-04-30 04:14:13.994743,Twitter,"Incredible experience, will buy again.",positive
2026-04-30 04:20:13.995667,AppStore,Just received my package.,neutral
2026-04-30 04:22:14.000106,YouTube,5 stars! Excellent work. 😊,positive
2026-04-30 04:33:13.995554,Reddit,"UI is different, still getting used to it. 😐",neutral
2026-04-30 04:40:13.996190,AppStore,worst customer support ever. 😡,negative
2026-04-30 04:44:14.004641,Twitter,Never buying from them again. !?,negative
2026-04-30 05:01:13.996587,Twitter,let's see how long this lasts.,neutral
2026-04-30 05:18:14.005022,YouTube,I guess it's fine for the price.,neutral
2026-04-30 05:33:13.999385,AppStore,So happy with the quality. 😊,positive
2026-04-30 05:34:13.999234,Reddit,it does what it says. 😐,neutral
2026-04-30 05:35:14.000018,YouTube,It does what it says. .,neutral
2026-04-30 05:44:13.998244,Reddit,Absolutely love this new feature! 😊,positive
2026-04-30 05:46:13.998680,Twitter,Worst customer support ever. !?,negative
2026-04-30 05:52:13.993574,AppStore,"Terrible experience, my app keeps crashing.",negative
2026-04-30 06:08:14.004387,AppStore,Delivery was delayed by 3 days. 😡,negative
2026-04-30 06:15:14.004236,AppStore,"The delivery was super fast, highly recommend. 👍",positive
2026-04-30 06:21:14.003761,AppStore,Just received my package. .,neutral
2026-04-30 06:25:13.999747,YouTube,worst customer support ever.,negative
2026-04-30 06:27:13.998386,Twitter,Great customer service.,positive
2026-04-30 06:27:14.000837,Reddit,Never buying from them again. 👎,negative
2026-04-30 06:29:13.996816,Twitter,The AI recommendations are spot on. 😊,positive
2026-04-30 06:29:14.003363,Twitter,They really outdid themselves this time.,positive
2026-04-30 06:39:14.003884,Twitter,They really outdid themselves this time.,positive
2026-04-30 06:56:13.997858,AppStore,Delivery was delayed by 3 days. 👎,negative
2026-04-30 07:05:13.990264,YouTube,"i hate the new update, it's so confusing. !?",negative
2026-04-30 07:13:13.999526,Twitter,the ai recommendations are spot on. 👍,positive
2026-04-30 07:21:14.001598,AppStore,"Incredible experience, will buy again. 👍",positive
2026-04-30 07:28:14.000222,Twitter,The AI is hallucinating and giving wrong info. 👎,negative
2026-04-30 07:29:13.996451,Reddit,Average experience. 😐,neutral
2026-04-30 07:32:14.001484,AppStore,No strong feelings about this.,neutral
2026-04-30 07:38:14.001541,YouTube,"terrible experience, my app keeps crashing.",negative
2026-04-30 07:41:13.997745,YouTube,I guess it's fine for the price.,neutral
2026-04-30 07:47:13.996927,AppStore,"Incredible experience, will buy again. 👍",positive
2026-04-30 07:52:13.999073,YouTube,They really outdid themselves this time. 👍,positive
2026-04-30 07:53:13.991993,Twitter,Just received my package.,neutral
2026-04-30 07:55:13.999183,YouTube,No strong feelings about this.,neutral
2026-04-30 07:57:13.994777,YouTube,it does what it says. 😐,neutral
2026-04-30 08:02:13.997837,Twitter,"It works okay, nothing special.",neutral
2026-04-30 08:06:13.995979,YouTube,I guess it's fine for the price. 😐,neutral
2026-04-30 08:11:14.003715,YouTube,I want a refund right now. 👎,negative
2026-04-30 08:18:14.005105,Reddit,The AI recommendations are spot on. 😊,positive
2026-04-30 08:37:13.999328,Reddit,worst customer support ever.,negative
2026-04-30 08:37:14.005487,YouTube,They really outdid themselves this time. !!,positive
2026-04-30 08:39:13.993950,AppStore,I want a refund right now. 😡,negative
2026-04-30 08:39:13.994887,AppStore,worst customer support ever.,negative
2026-04-30 08:40:14.003664,YouTube,Never buying from them again. 😡,negative
2026-04-30 08:42:14.005631,AppStore,Delivery was delayed by 3 days. 😡,negative
2026-04-30 08:43:13.999498,Twitter,Product arrived damaged.,negative
2026-04-30 08:47:13.995089,AppStore,the app has been updated. 😐,neutral
2026-04-30 08:50:14.003976,YouTube,Let's see how long this lasts. .,neutral
2026-04-30 08:54:14.001350,Twitter,Product arrived damaged. 👎,negative
2026-04-30 08:56:13.997450,YouTube,Delivery was delayed by 3 days. 😡,negative
2026-04-30 08:59:14.002406,Reddit,Great customer service. !!,positive
2026-04-30 09:15:13.990313,AppStore,It does what it says. .,neutral
2026-04-30 09:19:13.995025,AppStore,Standard delivery time.,neutral
2026-04-30 09:24:13.996216,AppStore,Worst customer support ever. !?,negative
2026-04-30 09:35:14.002398,Twitter,So happy with the quality. 😊,positive
2026-04-30 09:37:14.004126,AppStore,Great customer service. 👍,positive
2026-04-30 09:38:13.997020,Reddit,So happy with the quality. 👍,positive
2026-04-30 09:45:14.000070,YouTube,"UI is different, still getting used to it. .",neutral
2026-04-30 09:46:13.993589,Reddit,They really outdid themselves this time. 😊,positive
2026-04-30 09:46:14.001328,Twitter,Delivery was delayed by 3 days. 😡,negative
2026-04-30 09:48:14.002458,Twitter,let's see how long this lasts. 😐,neutral
2026-04-30 09:50:13.994244,Twitter,I guess it's fine for the price.,neutral
2026-04-30 09:51:13.996474,Reddit,Great customer service. !!,positive
2026-04-30 09:55:14.002686,AppStore,They really outdid themselves this time. 👍,positive
2026-04-30 09:56:13.994188,YouTube,product arrived damaged.,negative
2026-04-30 10:05:13.991016,Reddit,They really outdid themselves this time. 😊,positive
2026-04-30 10:30:13.998348,Reddit,Fantastic UI update. !!,positive
2026-04-30 10:45:14.001834,AppStore,Overpriced and underdelivered. 😡,negative
2026-04-30 10:50:14.005526,Reddit,i want a refund right now. 😡,negative
2026-04-30 10:53:14.002118,YouTube,"Terrible experience, my app keeps crashing. 👎",negative
2026-04-30 10:54:13.995475,Twitter,Completely useless feature.,negative
2026-04-30 11:06:13.995729,Twitter,Just received my package. 😐,neutral
2026-04-30 11:17:14.000896,Reddit,5 stars! Excellent work. !!,positive
2026-04-30 11:19:14.005798,YouTube,Overpriced and underdelivered. 😡,negative
2026-04-30 11:24:13.993998,YouTube,Product arrived damaged.,negative
2026-04-30 11:26:14.004332,YouTube,It does what it says. 😐,neutral
2026-04-30 11:29:13.992230,Twitter,Just received my package. .,neutral
2026-04-30 11:31:13.999963,Reddit,let's see how long this lasts.,neutral
2026-04-30 11:37:13.999052,AppStore,The AI recommendations are spot on. !!,positive
2026-04-30 11:51:14.001399,YouTube,Delivery was delayed by 3 days. !?,negative
2026-04-30 12:11:13.991462,AppStore,So happy with the quality. 👍,positive
2026-04-30 12:13:13.992417,Twitter,Great customer service. 😊,positive
2026-04-30 12:25:13.994844,YouTube,i guess it's fine for the price. .,neutral
2026-04-30 12:31:13.990965,YouTube,It does what it says. 😐,neutral
2026-04-30 12:40:13.996948,Twitter,Let's see how long this lasts. .,neutral
2026-04-30 12:48:13.990075,AppStore,"It works okay, nothing special. .",neutral
2026-04-30 12:48:13.997265,Twitter,So happy with the quality. 😊,positive
2026-04-30 12:53:14.002201,Reddit,Never buying from them again. 😡,negative
2026-04-30 12:56:14.001511,YouTube,I want a refund right now. 😡,negative
2026-04-30 12:57:14.004229,Twitter,The AI is hallucinating and giving wrong info. !?,negative
2026-04-30 13:00:13.997377,AppStore,Never buying from them again.,negative
2026-04-30 13:06:13.991593,YouTube,Standard delivery time.,neutral
2026-04-30 13:22:13.990250,Twitter,Let's see how long this lasts. 😐,neutral
2026-04-30 13:24:13.992356,Reddit,Standard delivery time. 😐,neutral
2026-04-30 13:25:13.996999,YouTube,It does what it says. 😐,neutral
2026-04-30 13:32:13.998996,YouTube,"i hate the new update, it's so confusing. 👎",negative
2026-04-30 13:38:13.993632,AppStore,Absolutely love this new feature! !!,positive
2026-04-30 13:40:13.991578,AppStore,I want a refund right now. !?,negative
2026-04-30 13:42:14.005867,Twitter,Best product I have ever bought. !!,positive
2026-04-30 13:46:13.993336,Twitter,"Terrible experience, my app keeps crashing. 👎",negative
2026-04-30 13:50:13.993049,AppStore,I want a refund right now.,negative
2026-04-30 13:53:14.004045,Reddit,Fantastic UI update. 👍,positive
2026-04-30 14:00:13.998409,Reddit,Absolutely love this new feature! !!,positive
2026-04-30 14:07:14.005404,YouTube,Best product I have ever bought.,positive
2026-04-30 14:08:14.001203,Reddit,Completely useless feature. 👎,negative
2026-04-30 14:09:14.004870,Reddit,Delivery was delayed by 3 days. 👎,negative
2026-04-30 14:11:13.998089,Reddit,So happy with the quality. !!,positive
2026-04-30 14:15:13.990323,Twitter,They really outdid themselves this time. !!,positive
2026-04-30 14:28:13.993566,Reddit,Best product I have ever bought.,positive
2026-04-30 14:37:14.004173,AppStore,No strong feelings about this. .,neutral
2026-04-30 14:43:13.993469,Twitter,"Terrible experience, my app keeps crashing.",negative
2026-04-30 14:43:14.004687,AppStore,Best product I have ever bought. 😊,positive
2026-04-30 14:45:14.005882,YouTube,Best product I have ever bought. !!,positive
2026-04-30 14:47:14.000662,AppStore,Just received my package.,neutral
2026-04-30 14:49:14.001720,Reddit,Let's see how long this lasts. 😐,neutral
2026-04-30 14:51:13.999364,Reddit,5 stars! Excellent work. !!,positive
2026-04-30 15:06:13.989414,YouTube,They really outdid themselves this time. !!,positive
2026-04-30 15:16:13.995306,AppStore,"The delivery was super fast, highly recommend.",positive
2026-04-30 15:23:13.989344,YouTube,"Incredible experience, will buy again. 😊",positive
2026-04-30 15:54:13.990097,Reddit,Standard delivery time.,neutral
2026-04-30 15:55:13.990643,AppStore,it does what it says.,neutral
2026-04-30 15:57:13.992143,Twitter,5 stars! excellent work. 👍,positive
2026-04-30 16:04:13.992402,Twitter,"it works okay, nothing special.",neutral
2026-04-30 16:04:14.001189,YouTube,"ui is different, still getting used to it. 😐",neutral
2026-04-30 16:12:14.005280,YouTube,Absolutely love this new feature!,positive
2026-04-30 16:18:14.004790,Reddit,"It works okay, nothing special. 😐",neutral
2026-04-30 16:20:13.993730,Reddit,"it works okay, nothing special. .",neutral
2026-04-30 16:22:14.005533,Reddit,"UI is different, still getting used to it.",neutral
2026-04-30 16:28:14.000555,YouTube,Worst customer support ever. !?,negative
2026-04-30 16:33:13.991169,Reddit,Never buying from them again. 😡,negative
2026-04-30 16:49:14.000462,YouTube,Worst customer support ever. 👎,negative
2026-04-30 16:58:13.994868,Reddit,"I hate the new update, it's so confusing. !?",negative
2026-04-30 16:58:13.997223,Twitter,"the delivery was super fast, highly recommend.",positive
2026-04-30 16:59:13.992539,Twitter,The app has been updated.,neutral
2026-04-30 16:59:14.003722,YouTube,The app has been updated. .,neutral
2026-04-30 17:04:13.997164,AppStore,Never buying from them again. 👎,negative
2026-04-30 17:04:14.001165,AppStore,"i hate the new update, it's so confusing. 👎",negative
2026-04-30 17:09:13.991403,YouTube,the ai recommendations are spot on.,positive
2026-04-30 17:09:14.001534,Reddit,"The delivery was super fast, highly recommend. 👍",positive
2026-04-30 17:16:14.001842,AppStore,The app has been updated.,neutral
2026-04-30 17:22:13.998600,YouTube,Never buying from them again. 😡,negative
2026-04-30 17:23:13.992080,YouTube,Fantastic UI update. 😊,positive
2026-04-30 17:29:13.992202,Twitter,The AI recommendations are spot on. 😊,positive
2026-04-30 17:36:13.995678,AppStore,"Terrible experience, my app keeps crashing.",negative
2026-04-30 17:41:13.998695,YouTube,5 stars! Excellent work. 😊,positive
2026-04-30 17:42:14.002584,Twitter,The AI recommendations are spot on.,positive
2026-04-30 17:42:14.004341,Twitter,"It works okay, nothing special.",neutral
2026-04-30 17:44:14.002298,AppStore,The app has been updated. .,neutral
2026-04-30 17:48:14.003380,YouTube,Standard delivery time.,neutral
2026-04-30 17:52:14.000861,Twitter,Product arrived damaged. 😡,negative
2026-04-30 17:57:13.991922,YouTube,"It works okay, nothing special.",neutral
2026-04-30 18:08:14.001799,YouTube,overpriced and underdelivered. 😡,negative
2026-04-30 18:12:13.997566,AppStore,No strong feelings about this. .,neutral
2026-04-30 18:24:14.002344,Twitter,average experience. .,neutral
2026-04-30 18:31:13.995325,AppStore,"The delivery was super fast, highly recommend. !!",positive
2026-04-30 18:38:14.001026,Reddit,Average experience.,neutral
2026-04-30 18:42:13.989306,AppStore,The AI is hallucinating and giving wrong info. 👎,negative
2026-04-30 18:42:13.990222,YouTube,Completely useless feature. 😡,negative
2026-04-30 18:43:13.989694,Twitter,Fantastic UI update.,positive
2026-04-30 18:45:13.998096,YouTube,"It works okay, nothing special.",neutral
2026-04-30 18:45:14.004783,Twitter,Fantastic UI update.,positive
2026-04-30 18:56:13.990695,Twitter,they really outdid themselves this time. 😊,positive
2026-04-30 18:57:14.004268,AppStore,"The delivery was super fast, highly recommend.",positive
2026-04-30 19:00:14.001973,Reddit,"Incredible experience, will buy again. !!",positive
2026-04-30 19:02:13.992244,Reddit,product arrived damaged. !?,negative
2026-04-30 19:12:13.993262,Twitter,Fantastic UI update. 👍,positive
2026-04-30 19:14:14.000034,AppStore,worst customer support ever. 😡,negative
2026-04-30 19:16:13.998425,AppStore,5 stars! Excellent work.,positive
2026-04-30 19:16:14.001619,AppStore,"Terrible experience, my app keeps crashing.",negative
2026-04-30 19:18:13.998378,Twitter,I want a refund right now. 👎,negative
2026-04-30 19:23:13.997695,YouTube,The AI is hallucinating and giving wrong info. 😡,negative
2026-04-30 19:28:13.992152,YouTube,Worst customer support ever. 😡,negative
2026-04-30 19:30:14.005113,Twitter,never buying from them again. 😡,negative
2026-04-30 19:31:13.993412,Twitter,i want a refund right now.,negative
2026-04-30 19:37:13.989448,YouTube,5 stars! Excellent work. !!,positive
2026-04-30 19:41:13.992873,Reddit,No strong feelings about this. .,neutral
2026-04-30 19:42:13.990257,Reddit,"the delivery was super fast, highly recommend. 👍",positive
2026-04-30 19:42:13.998862,Reddit,"Incredible experience, will buy again. 👍",positive
2026-04-30 19:46:13.999278,YouTube,Delivery was delayed by 3 days. 👎,negative
2026-04-30 19:47:14.004853,AppStore,worst customer support ever. 👎,negative
2026-04-30 19:48:13.990827,YouTube,The AI recommendations are spot on. !!,positive
2026-04-30 19:51:13.993028,Twitter,The AI is hallucinating and giving wrong info. !?,negative
2026-04-30 20:00:13.999727,AppStore,I guess it's fine for the price. 😐,neutral
2026-04-30 20:01:13.991218,Reddit,never buying from them again. !?,negative
2026-04-30 20:06:13.998363,AppStore,Just received my package. .,neutral
2026-04-30 20:11:13.993510,YouTube,"incredible experience, will buy again. 👍",positive
2026-04-30 20:13:13.990686,YouTube,delivery was delayed by 3 days. 👎,negative
2026-04-30 20:15:14.000998,Twitter,"It works okay, nothing special. .",neutral
2026-04-30 20:27:14.003331,AppStore,Product arrived damaged. !?,negative
2026-04-30 20:29:13.991248,Reddit,"Incredible experience, will buy again. 😊",positive
2026-04-30 20:41:13.991302,YouTube,delivery was delayed by 3 days. 😡,negative
2026-04-30 20:42:13.997114,Reddit,No strong feelings about this. .,neutral
2026-04-30 20:45:13.993398,Reddit,"Incredible experience, will buy again. 👍",positive
2026-04-30 20:45:14.001120,Twitter,Never buying from them again. 😡,negative
2026-04-30 20:49:13.998949,AppStore,product arrived damaged. !?,negative
2026-04-30 20:52:14.005731,YouTube,"I hate the new update, it's so confusing. 😡",negative
2026-04-30 20:58:13.993279,Reddit,It does what it says. .,neutral
2026-04-30 21:09:13.993300,Twitter,The app has been updated.,neutral
2026-04-30 21:11:13.995297,Reddit,"Incredible experience, will buy again. 👍",positive
2026-04-30 21:15:13.990352,Twitter,"UI is different, still getting used to it.",neutral
2026-04-30 21:15:14.002542,Twitter,product arrived damaged. 👎,negative
2026-04-30 21:19:13.993681,Twitter,completely useless feature.,negative
2026-04-30 21:46:13.997258,Reddit,Let's see how long this lasts. .,neutral
2026-04-30 21:50:14.005835,Reddit,Never buying from them again. 👎,negative
2026-04-30 21:57:14.005904,AppStore,Standard delivery time. .,neutral
2026-04-30 21:59:13.996394,YouTube,The app has been updated. 😐,neutral
2026-04-30 22:03:13.992921,Reddit,"The delivery was super fast, highly recommend. 👍",positive
2026-04-30 22:06:13.992037,Reddit,Great customer service. 👍,positive
2026-04-30 22:09:13.992302,Twitter,Never buying from them again.,negative
2026-04-30 22:12:13.989743,Reddit,Great customer service. !!,positive
2026-04-30 22:12:13.993545,AppStore,Never buying from them again. 😡,negative
2026-04-30 22:17:14.000427,YouTube,It does what it says. .,neutral
2026-04-30 22:19:14.000243,Twitter,no strong feelings about this.,neutral
2026-04-30 22:20:14.000962,YouTube,"It works okay, nothing special. .",neutral
2026-04-30 22:29:13.997985,Reddit,They really outdid themselves this time.,positive
2026-04-30 22:37:14.002052,Twitter,overpriced and underdelivered. 😡,negative
2026-04-30 22:54:13.989856,YouTube,"It works okay, nothing special. 😐",neutral
2026-04-30 23:04:14.004206,YouTube,They really outdid themselves this time. !!,positive
2026-04-30 23:10:13.993695,Reddit,"Incredible experience, will buy again. !!",positive
2026-04-30 23:13:13.997529,Twitter,The AI is hallucinating and giving wrong info. 😡,negative
2026-04-30 23:26:13.991286,YouTube,Absolutely love this new feature! 😊,positive
2026-04-30 23:29:13.998526,Reddit,It does what it says. 😐,neutral
2026-04-30 23:30:14.005203,Twitter,5 stars! excellent work. 👍,positive
2026-04-30 23:34:14.002599,Reddit,It does what it says. .,neutral
2026-04-30 23:35:13.996015,YouTube,Overpriced and underdelivered. 👎,negative
2026-04-30 23:39:13.990156,AppStore,5 stars! Excellent work. !!,positive
2026-04-30 23:40:14.005639,Reddit,fantastic ui update. !!,positive
2026-04-30 23:44:13.990520,Twitter,overpriced and underdelivered. 👎,negative
2026-04-30 23:47:13.998762,Twitter,The AI recommendations are spot on. !!,positive
2026-04-30 23:54:13.993128,AppStore,I guess it's fine for the price.,neutral
2026-05-01 00:18:13.990797,AppStore,delivery was delayed by 3 days.,negative
2026-05-01 00:27:13.995118,Reddit,worst customer support ever. 👎,negative
2026-05-01 00:35:14.004355,Twitter,The AI recommendations are spot on. 😊,positive
2026-05-01 00:39:13.992342,YouTube,Delivery was delayed by 3 days. !?,negative
2026-05-01 00:42:13.991009,Reddit,Completely useless feature. 👎,negative
2026-05-01 00:42:13.994735,YouTube,delivery was delayed by 3 days. 😡,negative
2026-05-01 00:48:13.999876,YouTube,Just received my package. 😐,neutral
2026-05-01 00:52:13.997766,AppStore,completely useless feature.,negative
2026-05-01 00:53:14.005655,YouTube,"The delivery was super fast, highly recommend. 👍",positive
2026-05-01 00:57:14.006103,Reddit,5 stars! Excellent work.,positive
2026-05-01 00:59:13.999889,Twitter,I guess it's fine for the price. .,neutral
2026-05-01 01:01:13.998885,Twitter,Let's see how long this lasts. 😐,neutral
2026-05-01 01:03:14.004092,Reddit,The AI is hallucinating and giving wrong info.,negative
2026-05-01 01:04:14.004836,AppStore,The app has been updated. 😐,neutral
2026-05-01 01:05:13.994903,Twitter,best product i have ever bought. !!,positive
2026-05-01 01:16:14.005940,Reddit,"It works okay, nothing special.",neutral
2026-05-01 01:19:13.992328,Reddit,"Terrible experience, my app keeps crashing. 👎",negative
2026-05-01 01:40:13.989506,AppStore,average experience. .,neutral
2026-05-01 01:45:13.989531,Twitter,The app has been updated. .,neutral
2026-05-01 01:52:13.999860,Reddit,"It works okay, nothing special. 😐",neutral
2026-05-01 01:55:13.992051,Reddit,"It works okay, nothing special. 😐",neutral
2026-05-01 01:57:13.992858,YouTube,Just received my package. .,neutral
2026-05-01 02:08:14.004664,Twitter,"Incredible experience, will buy again. 👍",positive
2026-05-01 02:15:13.994927,AppStore,"The delivery was super fast, highly recommend.",positive
2026-05-01 02:17:13.991130,Reddit,Worst customer support ever. !?,negative
2026-05-01 02:19:13.998112,Reddit,overpriced and underdelivered. 😡,negative
2026-05-01 02:19:14.002281,AppStore,product arrived damaged. !?,negative
2026-05-01 02:28:13.991378,Reddit,just received my package.,neutral
2026-05-01 02:30:14.004038,Twitter,"Incredible experience, will buy again. !!",positive
2026-05-01 02:32:13.992762,YouTube,Standard delivery time. .,neutral
2026-05-01 02:37:13.992907,AppStore,I guess it's fine for the price.,neutral
2026-05-01 02:46:14.003238,Twitter,5 stars! Excellent work. !!,positive
2026-05-01 03:10:13.992115,Twitter,it does what it says.,neutral
2026-05-01 03:11:13.998081,AppStore,Standard delivery time. 😐,neutral
2026-05-01 03:19:14.000749,YouTube,"It works okay, nothing special. .",neutral
2026-05-01 03:21:13.991208,Reddit,Just received my package. .,neutral
2026-05-01 03:21:13.997851,Reddit,"Incredible experience, will buy again.",positive
2026-05-01 03:30:14.002511,AppStore,Never buying from them again.,negative
2026-05-01 03:31:13.990732,AppStore,5 stars! Excellent work. 😊,positive
2026-05-01 03:33:13.993674,YouTube,"It works okay, nothing special. 😐",neutral
2026-05-01 03:51:13.993922,AppStore,Absolutely love this new feature! !!,positive
2026-05-01 03:54:13.991002,Twitter,Never buying from them again. 👎,negative
2026-05-01 03:55:13.992993,YouTube,the ai recommendations are spot on. 👍,positive
2026-05-01 03:57:13.997230,Twitter,standard delivery time. .,neutral
2026-05-01 03:58:14.000441,Reddit,I want a refund right now. 👎,negative
2026-05-01 04:01:14.005056,Twitter,Fantastic UI update.,positive
2026-05-01 04:07:13.999563,Reddit,Completely useless feature. 😡,negative
2026-05-01 04:13:14.005517,Twitter,product arrived damaged. !?,negative
2026-05-01 04:16:13.991505,Twitter,"i hate the new update, it's so confusing. 👎",negative
2026-05-01 04:16:14.005455,AppStore,"It works okay, nothing special. .",neutral
2026-05-01 04:16:14.005624,Twitter,"it works okay, nothing special.",neutral
2026-05-01 04:22:13.999584,AppStore,"Incredible experience, will buy again. !!",positive
2026-05-01 04:33:13.991711,Reddit,5 stars! Excellent work. !!,positive
2026-05-01 04:33:14.004405,AppStore,The AI is hallucinating and giving wrong info. 😡,negative
2026-05-01 04:37:13.996407,AppStore,I want a refund right now.,negative
2026-05-01 04:53:13.990402,AppStore,i guess it's fine for the price.,neutral
2026-05-01 04:53:14.003340,Twitter,They really outdid themselves this time. 😊,positive
2026-05-01 04:54:13.990373,AppStore,"It works okay, nothing special.",neutral
2026-05-01 04:56:14.000091,Twitter,Best product I have ever bought. 😊,positive
2026-05-01 05:01:13.999017,YouTube,"It works okay, nothing special.",neutral
2026-05-01 05:03:13.991860,YouTube,5 stars! Excellent work. 👍,positive
2026-05-01 05:08:14.002149,YouTube,Overpriced and underdelivered. 👎,negative
2026-05-01 05:10:13.991240,AppStore,Completely useless feature. 😡,negative
2026-05-01 05:13:13.999271,Twitter,The AI recommendations are spot on. 👍,positive
2026-05-01 05:15:13.994012,AppStore,"It works okay, nothing special. .",neutral
2026-05-01 05:17:14.000236,Twitter,"Incredible experience, will buy again. 😊",positive
2026-05-01 05:18:13.997149,AppStore,Never buying from them again. 👎,negative
2026-05-01 05:26:14.004710,Reddit,Absolutely love this new feature!,positive
2026-05-01 05:33:14.001179,Reddit,5 stars! Excellent work. 👍,positive
2026-05-01 05:33:14.003798,YouTube,no strong feelings about this.,neutral
2026-05-01 05:35:13.991636,YouTube,"terrible experience, my app keeps crashing.",negative
2026-05-01 05:36:14.004844,Twitter,Great customer service. !!,positive
2026-05-01 05:45:13.999087,YouTube,Fantastic UI update.,positive
2026-05-01 05:47:13.999357,Twitter,I guess it's fine for the price. .,neutral
2026-05-01 05:54:14.000384,Twitter,Best product I have ever bought. 👍,positive
2026-05-01 05:56:14.005048,Reddit,best product i have ever bought. 😊,positive
2026-05-01 05:57:14.000541,Reddit,best product i have ever bought. !!,positive
2026-05-01 05:58:13.993455,YouTube,The AI is hallucinating and giving wrong info. 👎,negative
2026-05-01 06:01:13.992617,Reddit,Fantastic UI update. 👍,positive
2026-05-01 06:15:14.004694,Reddit,Never buying from them again. !?,negative
2026-05-01 06:19:14.005299,Twitter,"UI is different, still getting used to it. 😐",neutral
2026-05-01 06:21:14.000769,Reddit,The AI recommendations are spot on.,positive
2026-05-01 06:22:13.995009,Twitter,Delivery was delayed by 3 days.,negative
2026-05-01 06:31:14.001379,Twitter,"it works okay, nothing special. .",neutral
2026-05-01 06:31:14.001856,AppStore,Worst customer support ever. 😡,negative
2026-05-01 06:36:13.996622,Reddit,I guess it's fine for the price.,neutral
2026-05-01 06:41:13.997703,Twitter,Overpriced and underdelivered. 😡,negative
2026-05-01 06:42:13.989871,Reddit,I guess it's fine for the price. 😐,neutral
2026-05-01 06:52:13.991643,Reddit,Great customer service.,positive
2026-05-01 06:57:13.991943,YouTube,"I hate the new update, it's so confusing.",negative
2026-05-01 07:01:14.004767,AppStore,I want a refund right now. !?,negative
2026-05-01 07:04:13.998747,Twitter,"i hate the new update, it's so confusing. 👎",negative
2026-05-01 07:07:13.998356,Reddit,Just received my package. .,neutral
2026-05-01 07:07:14.002010,AppStore,5 stars! Excellent work.,positive
2026-05-01 07:25:13.991440,YouTube,Never buying from them again.,negative
2026-05-01 07:25:14.000712,AppStore,Let's see how long this lasts.,neutral
2026-05-01 07:33:14.001092,Reddit,no strong feelings about this. 😐,neutral
2026-05-01 07:33:14.004022,Twitter,Overpriced and underdelivered.,negative
2026-05-01 07:36:13.999378,Reddit,Fantastic UI update.,positive
2026-05-01 07:39:13.999031,Reddit,Overpriced and underdelivered. !?,negative
2026-05-01 07:50:13.996780,YouTube,i guess it's fine for the price.,neutral
2026-05-01 07:52:13.990091,Twitter,"The delivery was super fast, highly recommend.",positive
2026-05-01 07:54:13.997442,Reddit,Best product I have ever bought. 😊,positive
2026-05-01 07:55:13.997271,AppStore,Standard delivery time. 😐,neutral
2026-05-01 07:57:13.990243,Reddit,Standard delivery time. .,neutral
2026-05-01 08:01:13.994236,Reddit,best product i have ever bought. 😊,positive
2026-05-01 08:18:14.004076,Reddit,Just received my package. 😐,neutral
2026-05-01 08:45:13.989596,Reddit,I guess it's fine for the price.,neutral
2026-05-01 08:48:13.999419,Reddit,overpriced and underdelivered. !?,negative
2026-05-01 08:56:13.989539,AppStore,I guess it's fine for the price. 😐,neutral
2026-05-01 09:07:13.999626,Reddit,The app has been updated. 😐,neutral
2026-05-01 09:07:14.003584,AppStore,Completely useless feature.,negative
2026-05-01 09:09:13.989482,Reddit,"Incredible experience, will buy again. 👍",positive
2026-05-01 09:34:14.004294,Twitter,so happy with the quality.,positive
2026-05-01 09:35:14.004798,Twitter,The app has been updated.,neutral
2026-05-01 09:57:13.991432,Twitter,Completely useless feature. 👎,negative
2026-05-01 10:02:13.990047,AppStore,so happy with the quality.,positive
2026-05-01 10:02:13.997200,Reddit,"UI is different, still getting used to it. .",neutral
2026-05-01 10:05:13.989295,YouTube,Let's see how long this lasts.,neutral
2026-05-01 10:06:13.995441,AppStore,average experience. 😐,neutral
2026-05-01 10:19:13.989353,YouTube,let's see how long this lasts.,neutral
2026-05-01 10:19:14.001414,YouTube,Just received my package.,neutral
2026-05-01 10:21:14.001591,Twitter,they really outdid themselves this time. 😊,positive
2026-05-01 10:36:13.995968,YouTube,"Incredible experience, will buy again.",positive
2026-05-01 10:39:13.992546,AppStore,Let's see how long this lasts. 😐,neutral
2026-05-01 10:44:13.992159,Twitter,Let's see how long this lasts. .,neutral
2026-05-01 10:53:14.004569,Reddit,"UI is different, still getting used to it.",neutral
2026-05-01 10:57:14.005859,Twitter,Completely useless feature. 😡,negative
2026-05-01 11:00:14.001756,Reddit,Let's see how long this lasts.,neutral
2026-05-01 11:01:13.998827,Reddit,Overpriced and underdelivered. !?,negative
2026-05-01 11:03:13.996261,YouTube,Never buying from them again. 👎,negative
2026-05-01 11:04:14.005144,AppStore,5 stars! Excellent work.,positive
2026-05-01 11:07:14.002193,Reddit,"I hate the new update, it's so confusing.",negative
2026-05-01 11:18:13.995136,Twitter,Never buying from them again. 😡,negative
2026-05-01 11:23:13.991696,AppStore,"Terrible experience, my app keeps crashing. 👎",negative
2026-05-01 11:24:13.997631,YouTube,Never buying from them again. 👎,negative
2026-05-01 11:25:13.992865,Twitter,It does what it says. 😐,neutral
2026-05-01 11:32:14.002263,AppStore,the ai recommendations are spot on.,positive
2026-05-01 11:43:14.000158,Reddit,"it works okay, nothing special. .",neutral
2026-05-01 12:02:13.997419,AppStore,worst customer support ever. !?,negative
2026-05-01 12:08:14.004068,Twitter,They really outdid themselves this time. 😊,positive
2026-05-01 12:09:14.001477,Twitter,The AI is hallucinating and giving wrong info. !?,negative
2026-05-01 12:24:13.990365,YouTube,"i hate the new update, it's so confusing. 👎",negative
2026-05-01 12:27:14.001297,Twitter,Worst customer support ever. !?,negative
2026-05-01 12:32:13.994026,Reddit,Never buying from them again. !?,negative
2026-05-01 12:41:14.004142,Twitter,"I hate the new update, it's so confusing. 😡",negative
2026-05-01 12:44:13.994599,Reddit,"Terrible experience, my app keeps crashing.",negative
2026-05-01 13:01:14.000704,AppStore,fantastic ui update.,positive
2026-05-01 13:01:14.004324,YouTube,"incredible experience, will buy again. 👍",positive
2026-05-01 13:07:14.005896,Reddit,"The delivery was super fast, highly recommend. 👍",positive
2026-05-01 13:16:13.992439,YouTube,The AI recommendations are spot on. !!,positive
2026-05-01 13:17:13.999127,YouTube,The app has been updated.,neutral
2026-05-01 13:23:13.993603,AppStore,"UI is different, still getting used to it. .",neutral
2026-05-01 13:28:13.995079,AppStore,"Terrible experience, my app keeps crashing.",negative
2026-05-01 13:31:13.996769,AppStore,Just received my package. 😐,neutral
2026-05-01 13:45:13.999805,Twitter,"It works okay, nothing special. .",neutral
2026-05-01 13:46:13.989750,YouTube,Overpriced and underdelivered. !?,negative
2026-05-01 13:52:14.004470,Twitter,worst customer support ever. 😡,negative
2026-05-01 13:56:13.993916,YouTube,"the delivery was super fast, highly recommend. 😊",positive
2026-05-01 13:59:13.999059,Reddit,the ai recommendations are spot on.,positive
2026-05-01 14:02:14.005306,YouTube,Just received my package. .,neutral
2026-05-01 14:12:13.990657,AppStore,"The delivery was super fast, highly recommend. 😊",positive
2026-05-01 14:15:13.993211,YouTube,"the delivery was super fast, highly recommend.",positive
2026-05-01 14:17:14.001504,AppStore,Just received my package.,neutral
2026-05-01 14:21:13.997689,AppStore,No strong feelings about this.,neutral
2026-05-01 14:25:13.998182,Reddit,"UI is different, still getting used to it.",neutral
2026-05-01 14:27:14.000134,Reddit,"It works okay, nothing special.",neutral
2026-05-01 14:28:14.002017,YouTube,Delivery was delayed by 3 days. !?,negative
2026-05-01 14:33:13.989422,AppStore,Never buying from them again. 😡,negative
2026-05-01 14:36:13.992793,AppStore,5 stars! Excellent work. !!,positive
2026-05-01 14:37:13.994751,YouTube,"It works okay, nothing special. 😐",neutral
2026-05-01 14:40:13.993363,Twitter,Best product I have ever bought.,positive
2026-05-01 14:52:14.004158,Twitter,Great customer service. 😊,positive
2026-05-01 14:54:14.004578,AppStore,"UI is different, still getting used to it.",neutral
2026-05-01 14:55:13.995259,Twitter,worst customer support ever. 👎,negative
2026-05-01 15:00:13.998290,Reddit,Delivery was delayed by 3 days. 👎,negative
2026-05-01 15:02:13.999211,Twitter,so happy with the quality. 👍,positive
2026-05-01 15:04:14.002734,Twitter,so happy with the quality. !!,positive
2026-05-01 15:10:13.994911,YouTube,Worst customer support ever.,negative
2026-05-01 15:12:14.001771,AppStore,They really outdid themselves this time. 😊,positive
2026-05-01 15:16:13.999491,YouTube,No strong feelings about this.,neutral
2026-05-01 15:18:13.994081,Twitter,Worst customer support ever. 👎,negative
2026-05-01 15:20:13.999654,YouTube,great customer service. 😊,positive
2026-05-01 15:28:13.997363,Reddit,"Incredible experience, will buy again. 😊",positive
2026-05-01 15:30:13.993872,Twitter,It does what it says.,neutral
